type,category,id1,id2,slug1,slug2,name1,name2,year1,year2,match_type,confidence,reason,action,data_completeness1,data_completeness2
movie,EXACT_DUPLICATE,bb753191-329e-4f9c-90af-c4fea1086b51,9ae4694b-6332-4775-907f-de052bd508a0,devi-l--2016,devi-l-2016,"Devi(L)","Devi(L)",2016,2016,exact_title_year,1,"Exact match: exact_title_year",MERGE_RECOMMENDED,100%,100%
movie,EXACT_DUPLICATE,965073e3-e69b-4c2e-9479-b71682d87c3c,06fbeb2c-ab89-423c-9e63-6009e3e96688,madonna-the-confessions-tour-2006,sundaraniki-thondarekkuva-2006,"Sundaraniki Tondarekkuva","Sundaraniki Tondarekkuva",2006,2006,exact_title_year,1,"Exact match: exact_title_year",MERGE_RECOMMENDED,100%,100%
movie,EXACT_DUPLICATE,d79b6116-9e21-4b3b-b041-2cecad34f864,2d747ddf-da74-4d00-a25d-671bde2ab788,the-king-of-kings-2025,andhra-king-taluka-2025,"The King of Kings","Andhra King Taluka",2025,2025,same_tmdb_id,0.98,"Exact match: same_tmdb_id",MERGE_RECOMMENDED,100%,100%
movie,EXACT_DUPLICATE,6db57a76-9fb2-48f8-af66-7b2aba84cc5a,4f01db6e-a4b8-41f9-8ffc-0c8a1207eb34,leela-vinodham-2024,leela-vinodam-2024,"Leela Vinodham","Leela Vinodam",2024,2024,same_tmdb_id,0.98,"Exact match: same_tmdb_id",MERGE_RECOMMENDED,100%,100%
movie,EXACT_DUPLICATE,10e3ce19-4d77-4cbc-8146-1a1c6c7ddefc,a25ca87c-833f-4f51-9468-240e827e3fd7,rangamarthanda-2023,ranga-maarthaanda-2023,"Rangamarthanda","Ranga Maarthaanda",2023,2023,same_tmdb_id,0.98,"Exact match: same_tmdb_id",MERGE_RECOMMENDED,100%,100%
movie,EXACT_DUPLICATE,35091fb5-b678-4c1d-b64a-c7ab5608ec5e,b6958f7d-5e4c-40b2-8bfc-ed9b0d3b2411,thimmarusu-2021,thimmarusu-assignment-vali-2021,"Thimmarusu","Thimmarusu: Assignment Vali",2021,2021,same_tmdb_id,0.98,"Exact match: same_tmdb_id",MERGE_RECOMMENDED,100%,100%
movie,EXACT_DUPLICATE,3c5be79c-e51b-411e-bac5-5690ee502667,4b31853b-2fa8-412d-9647-48945f022774,one-small-story-2021,ek-mini-katha-2021,"One Small Story","Ek Mini Katha",2021,2021,same_tmdb_id,0.98,"Exact match: same_tmdb_id",MERGE_RECOMMENDED,100%,100%
movie,EXACT_DUPLICATE,d9534cbb-1d9d-4a92-b51d-6171446adcb1,7d1cc071-a8c7-4e18-ae94-153f57166bf1,asalem-jarigindi-2021,asalem-jarigandi-2021,"Asalem Jarigindi","Asalem Jarigandi",2021,2021,same_tmdb_id,0.98,"Exact match: same_tmdb_id",MERGE_RECOMMENDED,100%,100%
movie,EXACT_DUPLICATE,7165489f-dd1a-4c40-b0dd-e8e577ec4679,ae8af12e-03a5-4efc-a3f7-a1ac8494d4a7,radha-krishna-2021,krish-2021,"Radha Krishna","Krish",2021,2021,same_tmdb_id,0.98,"Exact match: same_tmdb_id",MERGE_RECOMMENDED,100%,100%
movie,EXACT_DUPLICATE,3aaa6d66-f9c9-4266-b801-43216d6f50e3,f5cf7a2c-8a3c-4f8b-8a62-3505d5def0a6,ala-vaikunthapurramuloo-2020,ala-vaikunthapurramloo-2020,"Ala Vaikunthapurramuloo","Ala Vaikunthapurramloo",2020,2020,same_tmdb_id,0.98,"Exact match: same_tmdb_id",MERGE_RECOMMENDED,100%,100%
movie,EXACT_DUPLICATE,cdf20f6d-4ff4-412a-8104-1d6d886afe66,58009354-8f82-4ce0-a552-f906bb7eaa07,ooriki-uttharana-2021,utthara-2020,"Ooriki Uttharana","Utthara",2021,2020,same_tmdb_id,0.98,"Exact match: same_tmdb_id",MERGE_RECOMMENDED,100%,100%
movie,EXACT_DUPLICATE,07281748-889b-4ef8-a554-d9d4d6810016,df75d61b-f75c-4bd9-a5dc-f3c4dfafdd25,4-letters-2020,4-letters-2019,"4 Letters","4 Letters",2020,2019,same_tmdb_id,0.98,"Exact match: same_tmdb_id",MERGE_RECOMMENDED,100%,100%
movie,EXACT_DUPLICATE,d1716a17-6166-4288-8c37-e9fba148729f,aa80fa40-69d5-414d-b347-866e01ffc698,abhinetri-2-2019,devi-2-2019,"Abhinetri 2","Devi 2",2019,2019,same_tmdb_id,0.98,"Exact match: same_tmdb_id",MERGE_RECOMMENDED,100%,100%
movie,EXACT_DUPLICATE,ba405df5-3ea1-442c-ac50-7863ca4a42eb,e1412f0b-6e6e-46ca-af16-b763c9792564,masakkali-2018,kanam-2018,"Masakkali","Kanam",2018,2018,same_tmdb_id,0.98,"Exact match: same_tmdb_id",MERGE_RECOMMENDED,100%,100%
movie,EXACT_DUPLICATE,d30b1651-9a4b-474d-9169-fe23ce0c1b29,384c1786-86b4-4a78-9771-80e91a77a9f5,kartha-karma-kriya-2018,karma-kartha-kriya-2018,"Kartha Karma Kriya","Karma Kartha Kriya",2018,2018,same_tmdb_id,0.98,"Exact match: same_tmdb_id",MERGE_RECOMMENDED,100%,100%
movie,EXACT_DUPLICATE,0d107ada-0173-4182-8e74-b91cc64ce6c8,9c9d7702-3c7e-464c-851b-be95193233d7,rangasthalam-2019,rangasthalam-2018,"Rangasthalam","Rangasthalam",2019,2018,same_tmdb_id,0.98,"Exact match: same_tmdb_id",MERGE_RECOMMENDED,100%,100%
movie,EXACT_DUPLICATE,89ae6843-16f4-46f2-b4ca-d8b56d4b7e64,8f8f196a-52cd-4d63-93f8-94c484a7fe73,naa-peru-surya-2018,naa-peru-surya-naa-illu-india-2018,"Naa Peru Surya","Naa Peru Surya - Naa Illu India",2018,2018,same_tmdb_id,0.98,"Exact match: same_tmdb_id",MERGE_RECOMMENDED,100%,100%
movie,EXACT_DUPLICATE,f7eaf121-1b38-4f1c-90e9-0db55b5ec30d,59dc9e16-4edf-475a-810f-449715c6465d,mla-2018,manchi-lakshanalunna-abbayi-2018,"MLA","Manchi Lakshanalunna Abbayi",2018,2018,same_tmdb_id,0.98,"Exact match: same_tmdb_id",MERGE_RECOMMENDED,100%,100%
movie,EXACT_DUPLICATE,2efc24f0-9d76-4a74-8914-5b7ca4f1a97a,684e56d2-0361-465f-a168-776fc99e61c5,duvvada-jagannadham-2017,dj-duvvada-jagannadham-2017,"Duvvada Jagannadham","DJ: Duvvada Jagannadham",2017,2017,same_tmdb_id,0.98,"Exact match: same_tmdb_id",MERGE_RECOMMENDED,100%,100%
movie,EXACT_DUPLICATE,69d98225-ad68-479b-a183-0937f65554f3,fe82c96a-65b4-4da9-92ce-bc3e82837f93,arjun-reddy-2017,dwaraka-2017,"Arjun Reddy","Dwaraka",2017,2017,same_tmdb_id,0.98,"Exact match: same_tmdb_id",MERGE_RECOMMENDED,100%,100%
movie,EXACT_DUPLICATE,d2533ca4-f5e5-4088-9bec-48af1e4f0ee8,415c2482-54d6-4f42-b490-3d888d7386c8,the-ghazi-attack-2017,ghazi-2017,"The Ghazi Attack","Ghazi",2017,2017,same_tmdb_id,0.98,"Exact match: same_tmdb_id",MERGE_RECOMMENDED,100%,100%
movie,EXACT_DUPLICATE,bd56c434-744e-4ae4-979d-a1b1873d0d48,3fc6ab50-0792-4dcd-bb19-8ba0baa0e8ce,m-c-a-2017,mca-2017,"M.C.A","Middle Class Abbayi",2017,2017,same_tmdb_id,0.98,"Exact match: same_tmdb_id",MERGE_RECOMMENDED,100%,100%
movie,EXACT_DUPLICATE,1974d2c0-3a48-4725-bf72-3a134f0131e0,8f1b37ed-b0bd-4b36-a6e5-7d6066ebb901,ranasthalam-2019,abhinetri-2016,"Ranasthalam","Abhinetri",2019,2016,same_tmdb_id,0.98,"Exact match: same_tmdb_id",MERGE_RECOMMENDED,100%,100%
movie,EXACT_DUPLICATE,dd4b4ac4-39a8-43f4-913d-85bc348c7f2a,92a99020-68cc-45fb-9bb4-ac125686ebb0,aatadukundam-raa-2016,aata-2016,"Aatadukundam Raa","Aata",2016,2016,same_tmdb_id,0.98,"Exact match: same_tmdb_id",MERGE_RECOMMENDED,100%,100%
movie,EXACT_DUPLICATE,993f6585-408a-4b93-b52a-61fa0b50a06c,2b600fb6-589e-410e-8ecf-90d35e1d675d,sarrainodu-2016,sarainodu-2016,"Sarrainodu","Sarainodu",2016,2016,same_tmdb_id,0.98,"Exact match: same_tmdb_id",MERGE_RECOMMENDED,100%,100%
movie,EXACT_DUPLICATE,340635c8-f4a4-410e-aa3f-ed1ba3f314f3,35f8dfc5-609a-4f9a-ab94-e8dfd4deb254,jayammu-nischayammu-raa-2016,jayammu-nischayammuu-raa-2016,"Jayammu Nischayammu Raa","Jayammu Nischayammuu Raa",2016,2016,same_tmdb_id,0.98,"Exact match: same_tmdb_id",MERGE_RECOMMENDED,100%,100%
movie,EXACT_DUPLICATE,54548c7e-7b9c-4f15-a7c6-53a340169cb7,ec7b4b0a-0257-4784-8382-840e8b6e35c5,eedu-gold-ehe-2016,edu-gold-ehe-2016,"Eedu Gold Ehe","Edu Gold Ehe",2016,2016,same_tmdb_id,0.98,"Exact match: same_tmdb_id",MERGE_RECOMMENDED,100%,100%
movie,EXACT_DUPLICATE,33efc96c-c672-43b7-9ca6-6f87e8cbde26,8ab98cae-e622-48b0-9970-30c3f541fc29,dhruva-2016,dhuruvangal-pathinaaru-2016,"Dhruva","Dhuruvangal Pathinaaru",2016,2016,same_tmdb_id,0.98,"Exact match: same_tmdb_id",MERGE_RECOMMENDED,100%,100%
movie,EXACT_DUPLICATE,f9e54777-bb56-4655-9ce7-455bf86dd54c,d45166d6-8c93-455a-b425-6ee67a496ecb,sardaar-gabbar-singh-2016,sardar-gabbar-singh-2016,"Sardaar Gabbar Singh","Sardar Gabbar Singh",2016,2016,same_tmdb_id,0.98,"Exact match: same_tmdb_id",MERGE_RECOMMENDED,100%,100%
movie,EXACT_DUPLICATE,a0acc2d3-562e-400e-8d0c-f925fbc5595a,27baa242-d2e1-44fb-b08e-30d39a95e688,mental-madhilo-2017,-2016,"Mental Madhilo","Mental (Appatlo Okadundevadu)",2017,2016,same_tmdb_id,0.98,"Exact match: same_tmdb_id",MERGE_RECOMMENDED,100%,100%
movie,EXACT_DUPLICATE,a65abc17-4401-4667-bf02-f4d1928bfd05,7298fa7a-ee1d-40db-ae66-13d8ef464dc8,malli-malli-idi-rani-roju-2015,malli-malli-idhi-rani-roju-2015,"Malli Malli Idi Rani Roju","Malli Malli Idhi Rani Roju",2015,2015,same_tmdb_id,0.98,"Exact match: same_tmdb_id",MERGE_RECOMMENDED,100%,100%
movie,EXACT_DUPLICATE,092d9078-9b18-4410-a954-b8eb5276bcf0,ab596a0e-d9ff-46a3-ae11-370a6db4e6aa,sowkarpettai-2016,sowkarpettai-2015,"Sowkarpettai","Sowkarpettai",2016,2015,same_tmdb_id,0.98,"Exact match: same_tmdb_id",MERGE_RECOMMENDED,100%,100%
movie,EXACT_DUPLICATE,59ec3108-917d-4a37-a89f-d7525c96b227,194c7618-2043-44d2-b174-7b89d03a52a1,son-of-satyamurthy-2015,s-o-satyamurthy-2015,"Son of Satyamurthy","S/O Satyamurthy",2015,2015,same_tmdb_id,0.98,"Exact match: same_tmdb_id",MERGE_RECOMMENDED,100%,100%
movie,EXACT_DUPLICATE,6f0f476e-d1c2-4a29-92df-e91e9c4b3111,1640a27d-7bcc-406d-93fe-0ec52a227070,cheekati-rajyam-2015,thoongaavanam-2015,"Cheekati Rajyam","Thoongaavanam",2015,2015,same_tmdb_id,0.98,"Exact match: same_tmdb_id",MERGE_RECOMMENDED,100%,100%
movie,EXACT_DUPLICATE,d09e854a-f0d8-47e8-aee7-2f60e6be4156,37a50120-71ef-4ca2-ab78-2e92548c5aaf,om-shanti-om-2015,om-shanthi-om-2015,"Om Shanti Om","Om Shanthi Om",2015,2015,same_tmdb_id,0.98,"Exact match: same_tmdb_id",MERGE_RECOMMENDED,100%,100%
movie,EXACT_DUPLICATE,6638ce81-952d-448d-b80a-01414daa1d84,6ab88075-44cf-4975-ab4c-fb1105a65876,vedhalam-2015,vedalam-2015,"Vedhalam","Vedalam",2015,2015,same_tmdb_id,0.98,"Exact match: same_tmdb_id",MERGE_RECOMMENDED,100%,100%
movie,EXACT_DUPLICATE,4d45fe33-8711-4495-9ba1-2021d4030010,98ccdc72-9c41-4769-ad0a-399c561a41c6,dongata-2015,dongaata-2015,"Dongata","Dongaata",2015,2015,same_tmdb_id,0.98,"Exact match: same_tmdb_id",MERGE_RECOMMENDED,100%,100%
movie,EXACT_DUPLICATE,c581873c-ca28-4029-8f2f-14d98a160564,f60863b0-3cb6-43bf-80c5-0abfdd9f9db8,nambiyaar-2016,nambiar-2014,"Nambiyaar","Nambiar",2016,2014,same_tmdb_id,0.98,"Exact match: same_tmdb_id",MERGE_RECOMMENDED,100%,100%
movie,EXACT_DUPLICATE,3d5dfeca-78bc-4921-afe3-9a69c5d104cd,811873ca-7d2e-4942-9795-e5fc31205396,govindudu-andarivadele-2014,yevadu-2014,"Govindudu Andarivadele","Yevadu",2014,2014,same_tmdb_id,0.98,"Exact match: same_tmdb_id",MERGE_RECOMMENDED,100%,100%
movie,EXACT_DUPLICATE,3d5dfeca-78bc-4921-afe3-9a69c5d104cd,8841bdb2-9e5c-4744-bcd3-46e78fee7b1d,govindudu-andarivadele-2014,govindudu-andarivaadele-2014,"Govindudu Andarivadele","Govindudu Andarivaadele",2014,2014,same_tmdb_id,0.98,"Exact match: same_tmdb_id",MERGE_RECOMMENDED,100%,100%
movie,EXACT_DUPLICATE,3f30cce4-2530-4e43-a6a4-16136970fbd8,e7d0c736-a03d-4fd9-8689-e784ba1f1dec,red-bus-2014,erra-bus-2014,"Red Bus","Erra Bus",2014,2014,same_tmdb_id,0.98,"Exact match: same_tmdb_id",MERGE_RECOMMENDED,100%,100%
movie,EXACT_DUPLICATE,5910acf0-6784-433e-b7b9-d0a18edc5ba6,57f88672-024d-4e34-b575-1fea135d96a7,paandavulu-paandavulu-thummeda-2014,pandavulu-pandavulu-tummeda-2014,"Paandavulu Paandavulu Thummeda","Pandavulu Pandavulu Tummeda",2014,2014,same_tmdb_id,0.98,"Exact match: same_tmdb_id",MERGE_RECOMMENDED,100%,100%
movie,EXACT_DUPLICATE,4fac7ee3-2c28-4736-a209-e11d9e054056,c4ab0633-5d0b-441f-9f69-19636285f7d9,chandee-2013,chandi-the-power-of-woman-2013,"Chandee","Chandi: The Power of Woman",2013,2013,same_tmdb_id,0.98,"Exact match: same_tmdb_id",MERGE_RECOMMENDED,100%,100%
movie,EXACT_DUPLICATE,e340b679-da05-4adf-bcf2-fda5502574b3,66d74b10-a8dd-48b5-997b-e1478e058f9d,atharintiki-daaredi-2013,attarintiki-daredi-2013,"Atharintiki Daaredi","Attarintiki Daredi",2013,2013,same_tmdb_id,0.98,"Exact match: same_tmdb_id",MERGE_RECOMMENDED,100%,100%
movie,EXACT_DUPLICATE,f188ee91-4f9b-4941-9d09-0024c61efb3f,89be3527-1b38-4d02-bff7-fc0278ca3a17,julayi-2012,julai-2012,"Julayi","Julai",2012,2012,same_tmdb_id,0.98,"Exact match: same_tmdb_id",MERGE_RECOMMENDED,100%,100%
movie,EXACT_DUPLICATE,e809f76b-bee4-489d-af25-179980cd6a9d,325ebc31-6daf-4346-a4d2-68759ab6b9c4,ethiri-en-3-2016,ethiri-en-3-2012,"Ethiri En 3","Ethiri En 3",2016,2012,same_tmdb_id,0.98,"Exact match: same_tmdb_id",MERGE_RECOMMENDED,100%,100%
movie,EXACT_DUPLICATE,32d08c52-5f3b-46aa-a698-43db0fa37d35,25938c4e-a16b-4ffb-9e04-6dbc014fbf6a,dhammu-2012,dammu-2012,"Dhammu","Dammu",2012,2012,same_tmdb_id,0.98,"Exact match: same_tmdb_id",MERGE_RECOMMENDED,100%,100%
movie,EXACT_DUPLICATE,5c021218-ec73-4926-932e-4c152ce1e580,747156d4-ecf6-4ce0-a213-91de6c14dffe,english-vinglish-2013,english-vinglish-2012,"English Vinglish","English Vinglish",2013,2012,same_tmdb_id,0.98,"Exact match: same_tmdb_id",MERGE_RECOMMENDED,100%,100%
movie,EXACT_DUPLICATE,156e5b05-a696-4000-b4ad-b63392c5444a,c6862c47-5b95-4064-8a7e-e6f556d76b42,damarukam-2012,dhamarukam-2012,"Damarukam","Dhamarukam",2012,2012,same_tmdb_id,0.98,"Exact match: same_tmdb_id",MERGE_RECOMMENDED,100%,100%
movie,EXACT_DUPLICATE,581de389-c344-4d0e-9d84-983dc53bc30b,9f77cff1-9f83-4898-9668-f03cf0610332,dhenikaina-ready-2012,denikaina-ready-2012,"Dhenikaina Ready","Denikaina Ready",2012,2012,same_tmdb_id,0.98,"Exact match: same_tmdb_id",MERGE_RECOMMENDED,100%,100%
movie,EXACT_DUPLICATE,4dc84a3e-9b17-49a1-bd8a-c7d5ef52d07e,7754d28a-e496-466a-ad66-84a46a07d84f,once-upon-a-warrior-2011,anaganaga-o-dheerudu-2011,"Once Upon a Warrior","Anaganaga O Dheerudu",2011,2011,same_tmdb_id,0.98,"Exact match: same_tmdb_id",MERGE_RECOMMENDED,100%,100%
movie,EXACT_DUPLICATE,0da88977-80d9-4c29-8d4c-2d8ef0f6ffb3,29218ade-c41f-448c-aa67-f8fc2d9397e6,shakti-2011,sakthi-2011,"Shakti","Sakthi",2011,2011,same_tmdb_id,0.98,"Exact match: same_tmdb_id",MERGE_RECOMMENDED,100%,100%
movie,EXACT_DUPLICATE,e3b958c0-0d56-4f6a-bbe3-b392751a88fc,80571942-aba6-47a4-b88d-5c898f765292,komaram-puli-2010,puli-2010,"Komaram Puli","Puli",2010,2010,same_tmdb_id,0.98,"Exact match: same_tmdb_id",MERGE_RECOMMENDED,100%,100%
movie,EXACT_DUPLICATE,bdd02173-ce10-41dc-9fec-73e715a43939,c85c61b9-d154-4828-bf78-d94b2e731f92,adhurs-2010,adurs-2010,"Adhurs","Adurs",2010,2010,same_tmdb_id,0.98,"Exact match: same_tmdb_id",MERGE_RECOMMENDED,100%,100%
movie,EXACT_DUPLICATE,af4e9bbd-d8b3-40dc-a1c9-4bf4f7287c4e,c983a723-13ff-4688-b48a-555562d9962d,kathi-kanta-rao-2010,kathi-kantha-rao-2010,"Kathi Kanta Rao","Kathi Kantha Rao",2010,2010,same_tmdb_id,0.98,"Exact match: same_tmdb_id",MERGE_RECOMMENDED,100%,100%
movie,EXACT_DUPLICATE,7a5dc5f8-681d-49a7-9ff4-3a4962dcb9b0,1da56a37-112f-45ab-9ea6-905c9657a7e8,quick-gun-murugun-2009,quick-gun-murugan-2009,"Quick Gun Murugun","Quick Gun Murugan",2009,2009,same_tmdb_id,0.98,"Exact match: same_tmdb_id",MERGE_RECOMMENDED,100%,100%
movie,EXACT_DUPLICATE,88f6f753-695c-40dd-82fe-db053bd347b1,c85dda1d-269b-4d1c-bcd8-de031cfa646a,sankham-2009,shankam-2009,"Sankham","Shankam",2009,2009,same_tmdb_id,0.98,"Exact match: same_tmdb_id",MERGE_RECOMMENDED,100%,100%
movie,EXACT_DUPLICATE,9a83ebd8-6735-4d76-8069-7b884123edd5,c19fa264-d028-46e0-ae65-14ce04c367cd,eenadu-2009,unnaipol-oruvan-2009,"Eenadu","Unnaipol Oruvan",2009,2009,same_tmdb_id,0.98,"Exact match: same_tmdb_id",MERGE_RECOMMENDED,100%,100%
movie,EXACT_DUPLICATE,53f37cd5-1107-4396-93f0-5aa6ba836667,7064c032-a15f-4d90-bfaa-68d67cc73a71,sesh-sanghat-2009,sesh-sangat-2009,"Sesh Sanghat","Sesh Sangat",2009,2009,same_tmdb_id,0.98,"Exact match: same_tmdb_id",MERGE_RECOMMENDED,100%,100%
movie,EXACT_DUPLICATE,e810737f-b14e-4b95-b84f-9d207ef814ec,7467de73-c4b8-434f-88ec-84b6b628b089,neninthe-2010,neninthe-2008,"Neninthe","Neninthe",2010,2008,same_tmdb_id,0.98,"Exact match: same_tmdb_id",MERGE_RECOMMENDED,100%,100%
movie,EXACT_DUPLICATE,0b5c4028-67d6-46aa-af89-b464c6c066fc,f0fc36d4-2767-4b77-9aeb-32b4e5d397f7,ninna-nedu-repu-2008,netru-indru-naalai-2008,"Ninna Nedu Repu","Netru Indru Naalai",2008,2008,same_tmdb_id,0.98,"Exact match: same_tmdb_id",MERGE_RECOMMENDED,100%,100%
movie,EXACT_DUPLICATE,a8560dc2-450a-4669-a7f9-a25aaa3384ae,bc81fdaa-3ffb-4750-b18f-3e4bfbb1e6c9,pandurangadu-2008,panduranga-2008,"Pandurangadu","Panduranga",2008,2008,same_tmdb_id,0.98,"Exact match: same_tmdb_id",MERGE_RECOMMENDED,100%,100%
movie,EXACT_DUPLICATE,155b24a7-63df-4c20-90a8-46eab4411148,7443bdd7-a3e5-4dcb-8a72-4af4714aa142,ullasanga-utsahanga-2008,ullasamga-utsahamga-2008,"Ullasanga Utsahanga","Ullasamga Utsahamga",2008,2008,same_tmdb_id,0.98,"Exact match: same_tmdb_id",MERGE_RECOMMENDED,100%,100%
movie,EXACT_DUPLICATE,cbca2610-7a57-4068-bdb6-b1a7cb99f4b7,4c4916cc-935b-474d-8d30-2767bbe1a582,friends-book-2012,gunde-jhallumandi-2008,"Friends Book","Gunde Jhallumandi",2012,2008,same_tmdb_id,0.98,"Exact match: same_tmdb_id",MERGE_RECOMMENDED,100%,100%
movie,EXACT_DUPLICATE,ef8ed890-bded-4615-80e0-fc016f7caf84,4be79890-612c-4ac8-a44c-e5f1a15768f8,premaku-velayera-1999,premaku-velayara-1999,"Premaku Velayera","Premaku Velayara",1999,1999,same_tmdb_id,0.98,"Exact match: same_tmdb_id",MERGE_RECOMMENDED,100%,100%
movie,EXACT_DUPLICATE,25df181a-7aa9-46bd-a42b-47e24fadcf14,6b7acf3f-e032-4392-97d6-b10c3e4e9966,sri-ramulayya-1999,sri-ramulayya-1998,"Sri Ramulayya","Sri Ramulayya",1999,1998,same_tmdb_id,0.98,"Exact match: same_tmdb_id",MERGE_RECOMMENDED,100%,100%
movie,EXACT_DUPLICATE,05977123-d59c-4a42-b288-f272d8ce8c26,b4a8c52b-f778-41f9-a161-b8ad53ffca09,antahpuram-1998,anthahpuram-1998,"Antahpuram","Anthahpuram",1998,1998,same_tmdb_id,0.98,"Exact match: same_tmdb_id",MERGE_RECOMMENDED,100%,100%
movie,EXACT_DUPLICATE,6c92417e-17b5-4c59-9259-ef0b22c240f6,e7871bb4-22d3-492d-895b-797faeb9b1a8,kadhala-kadhala-1998,kaathala-kaathala-1998,"Kadhala Kadhala","Kaathala Kaathala",1998,1998,same_tmdb_id,0.98,"Exact match: same_tmdb_id",MERGE_RECOMMENDED,100%,100%
movie,EXACT_DUPLICATE,b53b7707-775c-47b9-b4f1-0068fbe38f21,4823d3d9-1d3a-49ea-89f0-0344b1b3903f,premante-idera-1998,premante-ideraa-1998,"Premante Idera","Premante Ideraa",1998,1998,same_tmdb_id,0.98,"Exact match: same_tmdb_id",MERGE_RECOMMENDED,100%,100%
movie,EXACT_DUPLICATE,05977123-d59c-4a42-b288-f272d8ce8c26,5d619b96-8985-46e9-abec-51f3af07d01d,antahpuram-1998,anthapuram-1998,"Antahpuram","Anthapuram",1998,1998,same_tmdb_id,0.98,"Exact match: same_tmdb_id",MERGE_RECOMMENDED,100%,100%
moviemovie,EXACT_DUPLICATE,5c9d770c-865b-4db6-b2c5-fdce4b0fa46c,ebe6a810-bb20-4e59-8b4f-3784c221149e,dasavathaaram-2008,dasavatharam-2008,"Dasavathaaram","Dasavatharam",2008,2008,same_tmdb_id,0.98,"Exact match: same_tmdb_id",MERGE_RECOMMENDED,100%,100%
movie,EXACT_DUPLICATE,861b495e-7235-43e3-811c-7366db91bd43,79bf6a89-ffa0-40bc-b984-43575d36fa1c,bujjigaadu-made-in-chennai-2008,bujjigadu-2008,"Bujjigaadu: Made in Chennai","Bujjigadu",2008,2008,same_tmdb_id,0.98,"Exact match: same_tmdb_id",MERGE_RECOMMENDED,100%,100%
movie,EXACT_DUPLICATE,7606ba4f-843b-4a3a-907c-79a024446477,59a673a2-c1a9-4369-b3e5-3a261cdc7f20,aadavari-matalaku-arthale-verule-2007,aadavari-matalaku-ardhalu-verule-2007,"Aadavari Matalaku Arthale Verule","Aadavari Matalaku Ardhalu Verule",2007,2007,same_tmdb_id,0.98,"Exact match: same_tmdb_id",MERGE_RECOMMENDED,100%,100%
movie,EXACT_DUPLICATE,644907cf-42ea-4235-a5be-f34042f8da2b,ee3dd893-677b-481a-98d8-fbe774df928f,kaloori-2007,kalloori-2007,"Kaloori","Kalloori",2007,2007,same_tmdb_id,0.98,"Exact match: same_tmdb_id",MERGE_RECOMMENDED,100%,100%
movie,EXACT_DUPLICATE,77005281-7b80-40d1-acd9-0a5c42c06f9b,bfa465b1-7db9-4066-af54-ce4235e5cac3,tulasi-2007,thulasi-2007,"Tulasi","Thulasi",2007,2007,same_tmdb_id,0.98,"Exact match: same_tmdb_id",MERGE_RECOMMENDED,100%,100%
movie,EXACT_DUPLICATE,cd65005b-da5f-45d6-9233-5d1ea5fe0eef,9ea4314e-52cd-4739-aae1-2e83deb45d58,nandanavanam-120-km-2006,nandanavanam-120kms-2006,"Nandanavanam 120 Km","Nandanavanam.. 120Kms",2006,2006,same_tmdb_id,0.98,"Exact match: same_tmdb_id",MERGE_RECOMMENDED,100%,100%
movie,EXACT_DUPLICATE,4d2c73aa-2438-4708-9727-697346a8dc60,ab5a6f6d-6648-4657-b0ae-a7f9ca5a5a56,kizhakku-kadalkarai-salai-2006,kizhakku-kadarkarai-salai-2006,"Kizhakku Kadalkarai Salai","Kizhakku Kadarkarai Salai",2006,2006,same_tmdb_id,0.98,"Exact match: same_tmdb_id",MERGE_RECOMMENDED,100%,100%
movie,EXACT_DUPLICATE,50e86001-032a-49a5-91a4-a84a3c36e392,d1d1f6b6-49b1-4a73-ac22-08e2e292e21c,astram-2006,asthram-2006,"Astram","Asthram",2006,2006,same_tmdb_id,0.98,"Exact match: same_tmdb_id",MERGE_RECOMMENDED,100%,100%
movie,EXACT_DUPLICATE,7c99ccbf-6c7d-4c1c-a110-b7a88146f1cf,8ad97b51-a82e-4a75-bed0-6ee3bc60e5a2,balu-2005,balu-abcdefg-2005,"Balu","Balu ABCDEFG",2005,2005,same_tmdb_id,0.98,"Exact match: same_tmdb_id",MERGE_RECOMMENDED,100%,100%
movie,EXACT_DUPLICATE,dae3530a-2e88-472b-a281-9650fb9d6010,5d32087c-cf2b-460d-9ee7-fa8b793758b6,vikramarkudu-2006,vikram-2005,"Vikramarkudu","Vikramarkudu",2006,2005,same_tmdb_id,0.98,"Exact match: same_tmdb_id",MERGE_RECOMMENDED,100%,100%
movie,EXACT_DUPLICATE,1d6288b0-5004-4eb6-8417-a98a34dfb9c3,14faf8f2-1132-409a-9018-0eaeb11ddfc3,kana-kandaen-2005,kana-kanden-2005,"Kana Kandaen","Kana Kanden",2005,2005,same_tmdb_id,0.98,"Exact match: same_tmdb_id",MERGE_RECOMMENDED,100%,100%
movie,EXACT_DUPLICATE,2f73ea7d-0700-447a-8345-48fed40bc72a,9e634d81-91c5-47ec-a221-406a4baa3f54,naa-autograph-2004,naa-autograph-sweet-memories-2004,"Naa Autograph","Naa Autograph Sweet Memories",2004,2004,same_tmdb_id,0.98,"Exact match: same_tmdb_id",MERGE_RECOMMENDED,100%,100%
movie,EXACT_DUPLICATE,0bff836c-d0e8-42b6-8174-8d7de7d3ba53,a91f09d8-3085-4fbd-8604-e7af4b6284f0,7g-rainbow-colony-2004,7g-brindhavan-colony-2004,"7G Rainbow Colony","7g Brindhavan Colony",2004,2004,same_tmdb_id,0.98,"Exact match: same_tmdb_id",MERGE_RECOMMENDED,100%,100%
movie,EXACT_DUPLICATE,251f2ccc-2427-4db3-b255-9f463044ba6e,3daa7b5c-6152-49fa-bcf2-64798adeb63c,andaru-dongale-dorikithe-2004,andaru-dongale-dorikite-2004,"Andaru Dongale Dorikithe","Andaru Dongale Dorikite",2004,2004,same_tmdb_id,0.98,"Exact match: same_tmdb_id",MERGE_RECOMMENDED,100%,100%
movie,EXACT_DUPLICATE,6155914a-9ca6-47a7-8e57-fdb18c02296a,7615e02f-4abb-4994-bf5e-9e206ffe36df,anand-2004,anandamanandamaye-2004,"Anand","Anandamanandamaye",2004,2004,same_tmdb_id,0.98,"Exact match: same_tmdb_id",MERGE_RECOMMENDED,100%,100%
movie,EXACT_DUPLICATE,b0f35238-467a-4053-a227-de1aaa774bc3,a4b6ba72-185b-435c-a481-1807fcad5197,joot-2004,joot-2003,"Joot","Joot",2004,2003,same_tmdb_id,0.98,"Exact match: same_tmdb_id",MERGE_RECOMMENDED,100%,100%
movie,EXACT_DUPLICATE,11408625-82fc-4569-a4d1-8e0c93be1c0c,e6f187db-8020-4602-a288-09550fe1bad8,pelli-kani-prasad-2008,pelli-kani-prasad-2003,"Pelli Kani Prasad","Pelli Kani Prasad",2008,2003,same_tmdb_id,0.98,"Exact match: same_tmdb_id",MERGE_RECOMMENDED,100%,100%
movie,EXACT_DUPLICATE,f5980a13-269b-433b-ad20-3ea3ebbd3480,abf5c226-1f96-4d6e-b20c-d01b23f0421b,parthiban-kanavu-2003,parthibhan-kanavu-2003,"Parthiban Kanavu","Parthibhan Kanavu",2003,2003,same_tmdb_id,0.98,"Exact match: same_tmdb_id",MERGE_RECOMMENDED,100%,100%
movie,EXACT_DUPLICATE,53744de2-6eb2-47c7-9781-6fb3234ec1e4,8afcf3ac-f5c3-459d-8279-0e2dcf622ea0,sivamani-2003,shivamani-2003,"Sivamani","Shivamani",2003,2003,same_tmdb_id,0.98,"Exact match: same_tmdb_id",MERGE_RECOMMENDED,100%,100%
movie,EXACT_DUPLICATE,bb9e4779-bf34-4187-8b6a-5eb92a833888,005a86b9-c679-4dc6-b42d-97b81d9828bc,all-over-the-heart-2003,manasellam-2003,"All over the heart","Manasellam",2003,2003,same_tmdb_id,0.98,"Exact match: same_tmdb_id",MERGE_RECOMMENDED,100%,100%
movie,EXACT_DUPLICATE,0c333ba3-e6b7-427a-ab60-35e35afb0557,a6eb10f9-c765-4018-9375-139e0f360e65,avunanna-kadanna-2005,avuna-2003,"Avunanna Kadanna","Avuna",2005,2003,same_tmdb_id,0.98,"Exact match: same_tmdb_id",MERGE_RECOMMENDED,100%,100%
movie,EXACT_DUPLICATE,57c1b62c-2dd0-4aaf-a575-651029e43703,d89ce658-cb53-4fa0-a2c4-6840d8d6abd0,evaru-2019,seshu-2002,"Evaru","Seshu",2019,2002,same_tmdb_id,0.98,"Exact match: same_tmdb_id",MERGE_RECOMMENDED,100%,100%
movie,EXACT_DUPLICATE,515e0bee-5bcc-42d3-b169-b25377913fcd,e9b74d11-1f34-4e45-9183-ec0e6f265b60,the-island-2002,dweepa-2002,"The Island","Dweepa",2002,2002,same_tmdb_id,0.98,"Exact match: same_tmdb_id",MERGE_RECOMMENDED,100%,100%
movie,EXACT_DUPLICATE,cd0b9969-8070-4e51-89f4-33dd3d5e55b5,fc33e50b-a9b5-4056-aea0-82e850c00c8e,avunu-valliddaru-ishtapaddaru-2002,avunu-valliddaru-ista-paddaru-2002,"Avunu Valliddaru Ishtapaddaru!","Avunu Valliddaru Ista Paddaru!",2002,2002,same_tmdb_id,0.98,"Exact match: same_tmdb_id",MERGE_RECOMMENDED,100%,100%
movie,EXACT_DUPLICATE,5e66579f-af62-4611-9b58-19d04504a046,1254b1ca-f3a3-4842-aec4-639903095342,roja-kootam-2002,roja-koottam-2002,"Roja Kootam","Roja Koottam",2002,2002,same_tmdb_id,0.98,"Exact match: same_tmdb_id",MERGE_RECOMMENDED,100%,100%
movie,EXACT_DUPLICATE,bce426b2-bdf4-456c-af6b-0d28d653b1c9,bcf475d3-e123-491e-aad1-3b7d3a87c069,premaku-swagatham-2002,premaku-swagatam-2002,"Premaku Swagatham","Premaku Swagatam",2002,2002,same_tmdb_id,0.98,"Exact match: same_tmdb_id",MERGE_RECOMMENDED,100%,100%
movie,EXACT_DUPLICATE,6c0f13c0-6ae9-48fc-b4ee-1a4bb00244a5,948ed8f9-0fd8-4b82-b8a6-162c6a9c6240,premato-raa-2001,prematho-raa-2001,"Premato Raa","Prematho Raa",2001,2001,same_tmdb_id,0.98,"Exact match: same_tmdb_id",MERGE_RECOMMENDED,100%,100%
movie,EXACT_DUPLICATE,3a00d145-9c46-46d1-a8fa-b88404f6b2a8,53888702-5231-4c81-84b9-01234aa1eaf1,kottai-mariamman-2002,kottai-mariamman-2001,"Kottai Mariamman","Kottai Mariamman",2002,2001,same_tmdb_id,0.98,"Exact match: same_tmdb_id",MERGE_RECOMMENDED,100%,100%
movie,EXACT_DUPLICATE,5ae7783b-2ac6-434b-a50e-67634be08dd8,8c171836-0bcd-4967-83af-650452ac9ecc,khushi-2001,kabhi-khushi-kabhie-gham-2001,"Khushi","Kabhi Khushi Kabhie Gham",2001,2001,same_tmdb_id,0.98,"Exact match: same_tmdb_id",MERGE_RECOMMENDED,100%,100%
movie,EXACT_DUPLICATE,e19cc748-e030-439e-a552-a3564e5270de,2cb5a2e1-d770-470c-a887-e07ac1c360ee,kshemanga-velli-labhamga-randi-2000,kshemamga-velli-labhamga-randi-2000,"Kshemanga Velli Labhamga Randi","Kshemamga Velli Labhamga Randi",2000,2000,same_tmdb_id,0.98,"Exact match: same_tmdb_id",MERGE_RECOMMENDED,100%,100%
movie,EXACT_DUPLICATE,df55594e-4f17-4edb-8fad-adbf5d1dfa01,46687840-0aed-4785-84b0-364fcf466913,vamsoddharakudu-2000,vamsodharakudu-2000,"Vamsoddharakudu","Vamsodharakudu",2000,2000,same_tmdb_id,0.98,"Exact match: same_tmdb_id",MERGE_RECOMMENDED,100%,100%
movie,EXACT_DUPLICATE,83465554-8e4d-448b-bde3-fd9641247b3f,c3bc14ba-192c-44c2-bc39-782d3de1ecba,jayam-manade-raa-2000,jayam-manadera-2000,"Jayam Manade Raa","Jayam Manadera",2000,2000,same_tmdb_id,0.98,"Exact match: same_tmdb_id",MERGE_RECOMMENDED,100%,100%
movie,EXACT_DUPLICATE,5ba0984a-1888-45a3-93fd-a8a249566e73,a009e888-d221-4b01-9e61-ac708fe7ac05,chala-bagundi-2000,chala-bagundi-1999,"Chala Bagundi","Chala Bagundi",2000,1999,same_tmdb_id,0.98,"Exact match: same_tmdb_id",MERGE_RECOMMENDED,100%,100%
movie,EXACT_DUPLICATE,ce8c66d1-c9cb-4012-a210-b522273bd4bb,011a6caa-8d52-4d4d-b6ff-a1904b7e4ff8,i-liked-the-girl-1999,pilla-nachindi-1999,"I liked the girl","Pilla Nachindi",1999,1999,same_tmdb_id,0.98,"Exact match: same_tmdb_id",MERGE_RECOMMENDED,100%,100%
movie,EXACT_DUPLICATE,2492db22-6a14-43db-afc7-a91bf26cbdac,7b6b8b1b-0bb9-44c8-a10d-029ed36b49b5,mannavaru-sinnavaru-1999,mannavaru-chinnavaru-1999,"Mannavaru Sinnavaru","Mannavaru Chinnavaru",1999,1999,same_tmdb_id,0.98,"Exact match: same_tmdb_id",MERGE_RECOMMENDED,100%,100%
,EXACT_DUPLICATE,3044cd96-7132-4ffc-8cb5-e7631d6efaac,e4814ebb-1962-4eba-9633-95f136bda83a,aahvaanam-1997,aahwanam-1997,"Aahvaanam","Aahwanam",1997,1997,same_tmdb_id,0.98,"Exact match: same_tmdb_id",MERGE_RECOMMENDED,100%,100%
movie,EXACT_DUPLICATE,992a60ef-0efd-4c60-ad2a-cb0c324db84d,45e977ad-ee60-4fd5-8277-27baea08b871,suswagatham-1998,suswagatham-1997,"Suswagatham","Suswagatham",1998,1997,same_tmdb_id,0.98,"Exact match: same_tmdb_id",MERGE_RECOMMENDED,100%,100%
movie,EXACT_DUPLICATE,19953e16-918a-4eaf-8e81-fecf1d6d3f2a,8d65e444-b4c5-41b1-ac67-9a5769ea10e9,pelli-chesukundam-1997,pelli-chesukundaam-1997,"Pelli Chesukundam","Pelli Chesukundaam",1997,1997,same_tmdb_id,0.98,"Exact match: same_tmdb_id",MERGE_RECOMMENDED,100%,100%
movie,EXACT_DUPLICATE,a553018f-4ddb-433c-8a5c-eb4bcacf2d11,2f0da766-ea83-4195-bdec-c824f5079a47,pelli-pandiri-1998,pelli-pandiri-1997,"Pelli Pandiri","Pelli Pandiri",1998,1997,same_tmdb_id,0.98,"Exact match: same_tmdb_id",MERGE_RECOMMENDED,100%,100%
movie,EXACT_DUPLICATE,137f8590-e98e-42f2-8439-d5a636ee5123,0a870842-3553-4713-b9ff-b371c3017729,pelli-1997,maa-nannaki-pelli-1997,"Pelli","Maa Nannaki Pelli",1997,1997,same_tmdb_id,0.98,"Exact match: same_tmdb_id",MERGE_RECOMMENDED,100%,100%
movie,EXACT_DUPLICATE,9aec368e-e4d1-495e-8b88-b8f07f8e9a8c,99cf944d-9843-462e-9ce3-27325d6097ac,vinodam-1996,vinodham-1996,"Vinodam","Vinodham",1996,1996,same_tmdb_id,0.98,"Exact match: same_tmdb_id",MERGE_RECOMMENDED,100%,100%
movie,EXACT_DUPLICATE,592c5195-9b92-4241-ae70-85a5b935367f,bd2faebe-4d09-4d74-919c-e73911616203,drohi-2010,drohi-1996,"Drohi","Drohi",2010,1996,same_tmdb_id,0.98,"Exact match: same_tmdb_id",MERGE_RECOMMENDED,100%,100%
movie,EXACT_DUPLICATE,7b420ac9-81f6-4bec-aa93-045091efaa78,4c2c2269-9e84-4f78-b252-2a621d6be773,ninne-pelladatha-1996,ninne-pelladata-1996,"Ninne Pelladatha","Ninne Pelladata",1996,1996,same_tmdb_id,0.98,"Exact match: same_tmdb_id",MERGE_RECOMMENDED,100%,100%
movie,EXACT_DUPLICATE,6dc3456f-fedc-43cf-b16a-5ee64c9d2bac,c14ef911-a363-4792-892d-4ec3d1f2f37e,pelli-sandadi-1996,pelli-sandadi-1995,"Pelli Sandadi","Pelli Sandadi",1996,1995,same_tmdb_id,0.98,"Exact match: same_tmdb_id",MERGE_RECOMMENDED,100%,100%
movie,EXACT_DUPLICATE,4ecb5355-b8f9-4b02-a939-4bc76ec16107,b9ad44b6-186d-4290-bb8c-b0f70508aaf3,ghatotkachudu-1995,ghatothkachudu-1995,"Ghatotkachudu","Ghatothkachudu",1995,1995,same_tmdb_id,0.98,"Exact match: same_tmdb_id",MERGE_RECOMMENDED,100%,100%
movie,EXACT_DUPLICATE,2a181464-091e-48cc-b8d3-14749142e0dd,d39fff41-50f5-4881-aa3d-034d57307a6a,kishkinda-kaanda-1994,kishkindha-kanda-1994,"Kishkinda Kaanda","Kishkindha Kanda",1994,1994,same_tmdb_id,0.98,"Exact match: same_tmdb_id",MERGE_RECOMMENDED,100%,100%
movie,EXACT_DUPLICATE,d7779d67-6d7b-4a25-b417-8e4c333907ec,4765aa1a-728f-4b28-a125-719e79bcb3f8,swami-vivekananda-1998,swami-vivekananda-1994,"Swami Vivekananda","Swami Vivekananda",1998,1994,same_tmdb_id,0.98,"Exact match: same_tmdb_id",MERGE_RECOMMENDED,100%,100%
movie,EXACT_DUPLICATE,a0445592-1dd6-42b3-bded-eca07e3bfd3c,3794078d-1f3e-45d7-a5f1-4e8d6b5a5cef,govinda-govinda-1994,govindha-govindha-1993,"Govinda Govinda","Govindha Govindha",1994,1993,same_tmdb_id,0.98,"Exact match: same_tmdb_id",MERGE_RECOMMENDED,100%,100%
movie,EXACT_DUPLICATE,2c8e759a-bfae-47c6-bc2b-04fe4c54e259,2767cdc6-54bc-4a2e-ba95-faf4e5f874bf,mutha-mestri-1993,muta-mestri-1993,"Mutha Mestri","Muta Mestri",1993,1993,same_tmdb_id,0.98,"Exact match: same_tmdb_id",MERGE_RECOMMENDED,100%,100%
movie,EXACT_DUPLICATE,09ca5843-e03e-47be-8a12-67c2f3dde8d7,b149e51c-20e1-42fa-92c9-dbaa9f117263,mukundan-unni-associates--2022,kundan-1993,"Mukundan Unni Associatesâ„¢","Kundan",2022,1993,same_tmdb_id,0.98,"Exact match: same_tmdb_id",MERGE_RECOMMENDED,100%,100%
movie,EXACT_DUPLICATE,a0445592-1dd6-42b3-bded-eca07e3bfd3c,b23ee9f4-39e4-439e-94f3-47c1ca9a2c47,govinda-govinda-1994,govinda-govinda-1993,"Govinda Govinda","Govinda Govinda",1994,1993,same_tmdb_id,0.98,"Exact match: same_tmdb_id",MERGE_RECOMMENDED,100%,100%
movie,EXACT_DUPLICATE,c3b46098-a11b-483a-8bb8-c51df5765eb6,201e7404-8e62-4a33-bdcc-edecfe7693f4,peddarikam-tba,peddarikam-1992,"Peddarikam","Peddarikam",2026,1992,same_tmdb_id,0.98,"Exact match: same_tmdb_id",MERGE_RECOMMENDED,100%,100%
movie,EXACT_DUPLICATE,af26d3a3-fd41-451d-9499-c0613cb42335,7a42802b-65bd-4d37-b6a4-53ae078e408b,raktha-tharpanam-1992,rakta-tarpanam-1992,"Raktha Tharpanam","Rakta Tarpanam",1992,1992,same_tmdb_id,0.98,"Exact match: same_tmdb_id",MERGE_RECOMMENDED,100%,100%
movie,EXACT_DUPLICATE,7747fc6f-f73f-436b-8708-e9df4608f181,ef1e9e63-23a7-4ec0-980a-b9765fef6800,priyathama-neevachata-kusalama-2013,priyathama-1992,"Priyathama Neevachata Kusalama","Priyathama",2013,1992,same_tmdb_id,0.98,"Exact match: same_tmdb_id",MERGE_RECOMMENDED,100%,100%
movie,EXACT_DUPLICATE,af26d3a3-fd41-451d-9499-c0613cb42335,c6c614a8-0e36-45b9-b836-c8cfec53441b,raktha-tharpanam-1992,raktha-tarpanam-1992,"Raktha Tharpanam","Raktha Tarpanam",1992,1992,same_tmdb_id,0.98,"Exact match: same_tmdb_id",MERGE_RECOMMENDED,100%,100%
movie,EXACT_DUPLICATE,13595a18-5b4f-46fc-87e5-b6a2ebc60935,25fb38fb-376e-4ef5-a9de-4959d09a73d4,nee-thodu-kavali-2002,parishkaram-1991,"Nee Thodu Kavali","Parishkaram",2002,1991,same_tmdb_id,0.98,"Exact match: same_tmdb_id",MERGE_RECOMMENDED,100%,100%
movie,EXACT_DUPLICATE,aaf79aaa-8582-4b7f-bc4a-bb1746eb3d43,ce7d501d-8677-4d52-a803-3aa54c7e5c49,april-1-vidudala-1991,april-1st-vidudala-1991,"April 1 Vidudala","April 1st Vidudala",1991,1991,same_tmdb_id,0.98,"Exact match: same_tmdb_id",MERGE_RECOMMENDED,100%,100%
movie,EXACT_DUPLICATE,aaf79aaa-8582-4b7f-bc4a-bb1746eb3d43,3ed6d83f-d8eb-4911-b868-dd7c6ce5d813,april-1-vidudala-1991,april-1st-vidudhala-1991,"April 1 Vidudala","April 1st Vidudhala",1991,1991,same_tmdb_id,0.98,"Exact match: same_tmdb_id",MERGE_RECOMMENDED,100%,100%
movie,EXACT_DUPLICATE,11aa4331-8288-4544-bb02-e5a398716cf3,ea904a06-7785-4118-bd05-0273a1ae9dc5,brahmarshi-viswamitra-1991,brahmarshi-vishwamitra-1991,"Brahmarshi Viswamitra","Brahmarshi Vishwamitra",1991,1991,same_tmdb_id,0.98,"Exact match: same_tmdb_id",MERGE_RECOMMENDED,100%,100%
movie,EXACT_DUPLICATE,b7d34be1-b720-4a9e-8cf0-40685f974925,e1c47b05-c119-482d-9e2e-53628f6e1720,bobbili-vamsam-1999,shatruvu-1991,"Bobbili Vamsam","Shatruvu",1999,1991,same_tmdb_id,0.98,"Exact match: same_tmdb_id",MERGE_RECOMMENDED,100%,100%
movie,EXACT_DUPLICATE,308b546b-bf08-410d-828e-d230a845fbff,fcc7f26f-a1b7-47ae-9283-474c5e7c2854,led-zeppelin-celebration-day-2012,anna-thammudu-1990,"Led Zeppelin: Celebration Day","Anna Thammudu",2012,1990,same_tmdb_id,0.98,"Exact match: same_tmdb_id",MERGE_RECOMMENDED,100%,100%
movie,EXACT_DUPLICATE,c5f9c1a8-cfc9-456e-82e7-118c6e0ea71e,13696ef1-0ae7-44ba-a7a7-fa0abf1d1967,nagastharam-1990,nagastram-1990,"Nagastharam","Nagastram",1990,1990,same_tmdb_id,0.98,"Exact match: same_tmdb_id",MERGE_RECOMMENDED,100%,100%
movie,EXACT_DUPLICATE,d647d89a-0d32-4014-991d-b0302ab17bcf,506d821b-e497-4f3f-bca0-cd89cc5ca710,kokilam-1990,kokila-1990,"Kokilam","Kokila",1990,1990,same_tmdb_id,0.98,"Exact match: same_tmdb_id",MERGE_RECOMMENDED,100%,100%
movie,EXACT_DUPLICATE,edefb544-ead4-40d7-8f3c-9cab97737939,dd582a50-5b5a-4dfb-9208-622da11d3956,sutradhaarulu-1989,sutradharulu-1989,"Sutradhaarulu","Sutradharulu",1989,1989,same_tmdb_id,0.98,"Exact match: same_tmdb_id",MERGE_RECOMMENDED,100%,100%
movie,EXACT_DUPLICATE,d3f7d62e-13ba-47b2-846d-5fb8e7837ee3,c0d119f0-3840-4620-ac11-413e42cd8761,poola-rangadu-2012,poola-rangadu-1989,"Poola Rangadu","Poola Rangadu",2012,1989,same_tmdb_id,0.98,"Exact match: same_tmdb_id",MERGE_RECOMMENDED,100%,100%
movie,EXACT_DUPLICATE,5470c0aa-335e-410c-94ab-82f85098fe08,52ac6fdf-bd75-438f-80ae-ce1d8a8f41c8,adavilo-abhimanyudu-1989,elaan-e-jung-1989,"Adavilo Abhimanyudu","Elaan-E-Jung",1989,1989,same_tmdb_id,0.98,"Exact match: same_tmdb_id",MERGE_RECOMMENDED,100%,100%
movie,EXACT_DUPLICATE,befd2890-b6e0-4a1c-9d43-0bee6cc738ce,265c9456-3b66-40c7-91e0-eb98dcefc518,majboor-1990,majboor-1989,"Majboor","Majboor",1990,1989,same_tmdb_id,0.98,"Exact match: same_tmdb_id",MERGE_RECOMMENDED,100%,100%
movie,EXACT_DUPLICATE,e810737f-b14e-4b95-b84f-9d207ef814ec,a4ff9a89-5168-43b2-a11f-5c2fa658ab53,neninthe-2010,vicky-daada-1989,"Neninthe","Vicky Daada",2010,1989,same_tmdb_id,0.98,"Exact match: same_tmdb_id",MERGE_RECOMMENDED,100%,100%
movie,EXACT_DUPLICATE,b643e645-c8c0-4a5a-8c1e-3b3cf57f2fe2,e85e4182-edf6-4f55-a3a5-e19c89b3003c,choopulu-kalasina-subhavela-1988,choopulu-kalasina-shubhavela-1988,"Choopulu Kalasina Subhavela","Choopulu Kalasina Shubhavela",1988,1988,same_tmdb_id,0.98,"Exact match: same_tmdb_id",MERGE_RECOMMENDED,100%,100%
movie,EXACT_DUPLICATE,f66f6cd6-1902-46a3-8b6b-9e769b05e8a9,7cf01af3-326b-4e1f-bbd8-e28ddb5d01b3,comedy-express-2010,abhinandana-1988,"Comedy Express","Abhinandana",2010,1988,same_tmdb_id,0.98,"Exact match: same_tmdb_id",MERGE_RECOMMENDED,100%,100%
movie,EXACT_DUPLICATE,c3255dab-e2f2-4feb-be39-fa6e52bc135a,22d3f412-3466-4bfb-a6f3-9f4c09a2d5ca,rakthabishekam-1988,raktabhishekam-1988,"Rakthabishekam","Raktabhishekam",1988,1988,same_tmdb_id,0.98,"Exact match: same_tmdb_id",MERGE_RECOMMENDED,100%,100%
movie,EXACT_DUPLICATE,b3d09390-3fa2-44de-82e4-eab227878f38,0f1623a6-3eab-4dea-a5ce-895abe430e43,state-rowdy-1989,yuddha-bhoomi-1988,"State Rowdy","Yuddha Bhoomi",1989,1988,same_tmdb_id,0.98,"Exact match: same_tmdb_id",MERGE_RECOMMENDED,100%,100%
movie,EXACT_DUPLICATE,aad05e7e-908b-41be-bdb3-04fc9eca33a5,97df06b3-9813-4dd8-8062-b562ba9036fc,naa-style-veru-2009,vishwanatha-nayakudu-1987,"Naa Style Veru","Vishwanatha Nayakudu",2009,1987,same_tmdb_id,0.98,"Exact match: same_tmdb_id",MERGE_RECOMMENDED,100%,100%
movie,EXACT_DUPLICATE,3d3568ae-f2f9-44d8-bad0-5b5c405660c6,985ec4ac-2ab2-4f42-9e07-5e4fd22f8079,samsaram-1988,samsaram-oka-chadarangam-1987,"Samsaram","Samsaram Oka Chadarangam",1988,1987,same_tmdb_id,0.98,"Exact match: same_tmdb_id",MERGE_RECOMMENDED,100%,100%
movie,EXACT_DUPLICATE,4ddbadc4-f714-4c42-9cad-7a73bd1c87cd,daaad164-f5fa-4e03-98e0-7dc12f2dd510,thrimoorthulu-1987,trimurtulu-1987,"Thrimoorthulu","Trimurtulu",1987,1987,same_tmdb_id,0.98,"Exact match: same_tmdb_id",MERGE_RECOMMENDED,100%,100%
movie,EXACT_DUPLICATE,2c8e759a-bfae-47c6-bc2b-04fe4c54e259,384fa6af-adac-487a-a51d-ddbf80e21d67,mutha-mestri-1993,chanakya-sapatham-1986,"Mutha Mestri","Chanakya Sapatham",1993,1986,same_tmdb_id,0.98,"Exact match: same_tmdb_id",MERGE_RECOMMENDED,100%,100%
movie,EXACT_DUPLICATE,ce2868e9-dc13-4b71-8d41-ff89e437c345,3abe78f8-cd86-462f-b6a6-5e0800984db6,simhasanam-1986,singhasan-1986,"Simhasanam","Singhasan",1986,1986,same_tmdb_id,0.98,"Exact match: same_tmdb_id",MERGE_RECOMMENDED,100%,100%
movie,EXACT_DUPLICATE,b7536b19-31a8-4b1a-8b79-4658c8131426,dc3c848e-3ef6-4808-b3c7-f068a748bc61,nee-kosam-1999,aranyakanda-1986,"Nee Kosam","Aranyakanda",1999,1986,same_tmdb_id,0.98,"Exact match: same_tmdb_id",MERGE_RECOMMENDED,100%,100%
movie,EXACT_DUPLICATE,27132203-6d94-443f-9479-984498375297,3ecc24aa-4690-43ac-ad3e-788cb5d5e7dd,kaashmora-2016,kashmora-1986,"Kaashmora","Kashmora",2016,1986,same_tmdb_id,0.98,"Exact match: same_tmdb_id",MERGE_RECOMMENDED,100%,100%
movie,EXACT_DUPLICATE,392b54ed-7c23-493d-a0c4-4627975ae7b2,fd138a37-3167-4f6c-a056-2b3921429804,rendu-rella-aaru-1986,rendu-rellu-aaru-1986,"Rendu Rella Aaru","Rendu Rellu Aaru",1986,1986,same_tmdb_id,0.98,"Exact match: same_tmdb_id",MERGE_RECOMMENDED,100%,100%
movie,EXACT_DUPLICATE,91e5fe29-5156-4caa-9817-c3dff311a487,8868395b-8036-4af6-8619-e638c8204a38,babayi-abbayi-1985,babai-abbai-1985,"Babayi-Abbayi","Babai Abbai",1985,1985,same_tmdb_id,0.98,"Exact match: same_tmdb_id",MERGE_RECOMMENDED,100%,100%
movie,EXACT_DUPLICATE,b681af63-0529-49c0-bf1f-8c4dabb254ca,110e701c-8e4d-4c3e-9f3c-8e9405438881,ramu-1987,adavi-donga-1985,"Ramu","Adavi Donga",1987,1985,same_tmdb_id,0.98,"Exact match: same_tmdb_id",MERGE_RECOMMENDED,100%,100%
movie,EXACT_DUPLICATE,7c02513a-48b4-4fbc-90bf-a080eca4ace7,e8e681d4-fcca-467e-aa1f-c52cf5b4cf9a,indhu-1994,rakta-sindhuram-1985,"Indhu","Rakta Sindhuram",1994,1985,same_tmdb_id,0.98,"Exact match: same_tmdb_id",MERGE_RECOMMENDED,100%,100%
movie,EXACT_DUPLICATE,665513fb-7a52-47d9-a69f-2f74bf5858ac,2dae0a9c-7979-4c58-a70b-b7162126cd8c,nireekshana-1986,s-p-bhayankar-1984,"Nireekshana","S. P. Bhayankar",1986,1984,same_tmdb_id,0.98,"Exact match: same_tmdb_id",MERGE_RECOMMENDED,100%,100%
movie,EXACT_DUPLICATE,c7481f30-3e7a-44dd-81c8-31aa12cb27da,257732dc-9940-4996-8457-908445bf3abb,adarshavanthudu-1984,kutumba-gowaravam-1984,"Adarshavanthudu","Kutumba Gowaravam",1984,1984,same_tmdb_id,0.98,"Exact match: same_tmdb_id",MERGE_RECOMMENDED,100%,100%
movie,EXACT_DUPLICATE,c7481f30-3e7a-44dd-81c8-31aa12cb27da,390d5fbc-fd13-4e69-b0d4-b253a9c8963c,adarshavanthudu-1984,rajahmundry-rome-1984,"Adarshavanthudu","Rajahmundry Rome",1984,1984,same_tmdb_id,0.98,"Exact match: same_tmdb_id",MERGE_RECOMMENDED,100%,100%
movie,EXACT_DUPLICATE,c7481f30-3e7a-44dd-81c8-31aa12cb27da,d4911a86-d152-498f-86b2-601533e76fba,adarshavanthudu-1984,raga-bandham-1984,"Adarshavanthudu","Raga Bandham",1984,1984,same_tmdb_id,0.98,"Exact match: same_tmdb_id",MERGE_RECOMMENDED,100%,100%
movie,EXACT_DUPLICATE,c7481f30-3e7a-44dd-81c8-31aa12cb27da,c72179be-37c4-4823-9078-fb64b8e394e0,adarshavanthudu-1984,bhagyalakshmi-1984,"Adarshavanthudu","Bhagyalakshmi",1984,1984,same_tmdb_id,0.98,"Exact match: same_tmdb_id",MERGE_RECOMMENDED,100%,100%
movie,EXACT_DUPLICATE,c7481f30-3e7a-44dd-81c8-31aa12cb27da,d01557a8-5a48-4ffe-92d0-968bb83d19e3,adarshavanthudu-1984,nayakulaku-saval-1984,"Adarshavanthudu","Nayakulaku Saval",1984,1984,same_tmdb_id,0.98,"Exact match: same_tmdb_id",MERGE_RECOMMENDED,100%,100%
movie,EXACT_DUPLICATE,c7481f30-3e7a-44dd-81c8-31aa12cb27da,d5688a00-43f5-4367-90cb-d4b4c688277f,adarshavanthudu-1984,tandava-krishnudu-1984,"Adarshavanthudu","Tandava Krishnudu",1984,1984,same_tmdb_id,0.98,"Exact match: same_tmdb_id",MERGE_RECOMMENDED,100%,100%
movie,EXACT_DUPLICATE,52a3537b-7da7-4881-942f-5f796eca5656,289ca19a-f5d8-4fd6-9bec-5908570a084c,swati-1984,swathi-1984,"Swati","Swathi",1984,1984,same_tmdb_id,0.98,"Exact match: same_tmdb_id",MERGE_RECOMMENDED,100%,100%
movie,EXACT_DUPLICATE,c7481f30-3e7a-44dd-81c8-31aa12cb27da,87de604e-f25f-41fd-90a1-b95141c1ba65,adarshavanthudu-1984,kotha-dampathulu-1984,"Adarshavanthudu","Kotha Dampathulu",1984,1984,same_tmdb_id,0.98,"Exact match: same_tmdb_id",MERGE_RECOMMENDED,100%,100%
movie,EXACT_DUPLICATE,c7481f30-3e7a-44dd-81c8-31aa12cb27da,0acc127a-d579-4e6c-b3b8-969642a4fb9e,adarshavanthudu-1984,railu-dopidi-1984,"Adarshavanthudu","Railu Dopidi",1984,1984,same_tmdb_id,0.98,"Exact match: same_tmdb_id",MERGE_RECOMMENDED,100%,100%
movie,EXACT_DUPLICATE,c7481f30-3e7a-44dd-81c8-31aa12cb27da,647648cc-50d8-4b64-8ae9-93fda82f726c,adarshavanthudu-1984,manasa-veena-1984,"Adarshavanthudu","Manasa Veena",1984,1984,same_tmdb_id,0.98,"Exact match: same_tmdb_id",MERGE_RECOMMENDED,100%,100%
movie,EXACT_DUPLICATE,c7481f30-3e7a-44dd-81c8-31aa12cb27da,f8832386-fff5-4b20-a67e-ebf028917326,adarshavanthudu-1984,kurra-cheshtalu-1984,"Adarshavanthudu","Kurra Cheshtalu",1984,1984,same_tmdb_id,0.98,"Exact match: same_tmdb_id",MERGE_RECOMMENDED,100%,100%
movie,EXACT_DUPLICATE,c7481f30-3e7a-44dd-81c8-31aa12cb27da,7790fe31-e23c-4609-bd9a-400577a5db89,adarshavanthudu-1984,janam-manam-1984,"Adarshavanthudu","Janam Manam",1984,1984,same_tmdb_id,0.98,"Exact match: same_tmdb_id",MERGE_RECOMMENDED,100%,100%
movie,EXACT_DUPLICATE,c7481f30-3e7a-44dd-81c8-31aa12cb27da,dd081d61-0df5-49b8-aafc-0a608879514f,adarshavanthudu-1984,yama-doothalu-1984,"Adarshavanthudu","Yama Doothalu",1984,1984,same_tmdb_id,0.98,"Exact match: same_tmdb_id",MERGE_RECOMMENDED,100%,100%
movie,EXACT_DUPLICATE,c7481f30-3e7a-44dd-81c8-31aa12cb27da,d82fc1c8-52a8-4b82-ba24-a24934d66a75,adarshavanthudu-1984,pulijoodam-1984,"Adarshavanthudu","Pulijoodam",1984,1984,same_tmdb_id,0.98,"Exact match: same_tmdb_id",MERGE_RECOMMENDED,100%,100%
movie,EXACT_DUPLICATE,c7481f30-3e7a-44dd-81c8-31aa12cb27da,a6c228ba-d0b7-490a-b7d8-57d00a6fa85c,adarshavanthudu-1984,veerabhadrudu-1984,"Adarshavanthudu","Veerabhadrudu",1984,1984,same_tmdb_id,0.98,"Exact match: same_tmdb_id",MERGE_RECOMMENDED,100%,100%
movie,EXACT_DUPLICATE,c7481f30-3e7a-44dd-81c8-31aa12cb27da,1f8c36db-fba4-41b3-b253-7e3927d72f02,adarshavanthudu-1984,devalayam-1984,"Adarshavanthudu","Devalayam",1984,1984,same_tmdb_id,0.98,"Exact match: same_tmdb_id",MERGE_RECOMMENDED,100%,100%
movie,EXACT_DUPLICATE,582cc445-7101-4789-adb2-7657b0c6d0b4,04a2dc89-7787-42c5-9e08-d86432074923,kanchu-kaagada-1984,kanchu-kagada-1984,"Kanchu Kaagada","Kanchu Kagada",1984,1984,same_tmdb_id,0.98,"Exact match: same_tmdb_id",MERGE_RECOMMENDED,100%,100%
movie,EXACT_DUPLICATE,ba7f2fb1-909b-4d94-86e0-514ae42bc705,5d84bb6b-450b-4f96-85c7-873a4d834bf0,kanchana-2-2015,kanchana-ganga-1984,"Kanchana 2","Kanchana Ganga",2015,1984,same_tmdb_id,0.98,"Exact match: same_tmdb_id",MERGE_RECOMMENDED,100%,100%
movie,EXACT_DUPLICATE,c7481f30-3e7a-44dd-81c8-31aa12cb27da,8afe60f3-7e66-40fe-b8bd-9e3df260d287,adarshavanthudu-1984,jagan-1984,"Adarshavanthudu","Jagan",1984,1984,same_tmdb_id,0.98,"Exact match: same_tmdb_id",MERGE_RECOMMENDED,100%,100%
movie,EXACT_DUPLICATE,c7481f30-3e7a-44dd-81c8-31aa12cb27da,e0803ada-5e7f-4d0e-8a41-847c4f80f45d,adarshavanthudu-1984,doctor-gari-kodalu-1983,"Adarshavanthudu","Doctor Gari Kodalu",1984,1983,same_tmdb_id,0.98,"Exact match: same_tmdb_id",MERGE_RECOMMENDED,100%,100%
movie,EXACT_DUPLICATE,c7481f30-3e7a-44dd-81c8-31aa12cb27da,e673902e-9d0c-4a48-a172-349b08648ad3,adarshavanthudu-1984,shakthi-1983,"Adarshavanthudu","Shakthi",1984,1983,same_tmdb_id,0.98,"Exact match: same_tmdb_id",MERGE_RECOMMENDED,100%,100%
movie,EXACT_DUPLICATE,5e7bab71-25aa-4cf2-852f-61d5779dac74,ebb81519-3817-4707-8a88-5e5dae33bfd5,mitrudu-2009,amayakudu-kadhu-asadhyudu-1983,"Mitrudu","Amayakudu Kadhu Asadhyudu",2009,1983,same_tmdb_id,0.98,"Exact match: same_tmdb_id",MERGE_RECOMMENDED,100%,100%
movie,EXACT_DUPLICATE,c7481f30-3e7a-44dd-81c8-31aa12cb27da,b88165e9-b52f-4820-8d40-2e8aaac39520,adarshavanthudu-1984,konte-kodallu-1983,"Adarshavanthudu","Konte Kodallu",1984,1983,same_tmdb_id,0.98,"Exact match: same_tmdb_id",MERGE_RECOMMENDED,100%,100%
movie,EXACT_DUPLICATE,c7481f30-3e7a-44dd-81c8-31aa12cb27da,ebd309ba-ab73-48dc-8e08-079f10ff201a,adarshavanthudu-1984,keerthi-kantha-kanakam-1983,"Adarshavanthudu","Keerthi Kantha Kanakam",1984,1983,same_tmdb_id,0.98,"Exact match: same_tmdb_id",MERGE_RECOMMENDED,100%,100%
movie,EXACT_DUPLICATE,c7481f30-3e7a-44dd-81c8-31aa12cb27da,a546f2a4-8502-4d66-8c9c-094cc361fecd,adarshavanthudu-1984,moogavadi-paga-1983,"Adarshavanthudu","Moogavadi Paga",1984,1983,same_tmdb_id,0.98,"Exact match: same_tmdb_id",MERGE_RECOMMENDED,100%,100%
movie,EXACT_DUPLICATE,c7481f30-3e7a-44dd-81c8-31aa12cb27da,913b36d6-de23-4d75-8a9e-3ee8c2c197dd,adarshavanthudu-1984,vetagadi-vijayam-1983,"Adarshavanthudu","Vetagadi Vijayam",1984,1983,same_tmdb_id,0.98,"Exact match: same_tmdb_id",MERGE_RECOMMENDED,100%,100%
movie,EXACT_DUPLICATE,c7481f30-3e7a-44dd-81c8-31aa12cb27da,58711951-24f5-44c2-9249-4a3a38afc82c,adarshavanthudu-1984,chattaniki-sawal-1983,"Adarshavanthudu","Chattaniki Sawal",1984,1983,same_tmdb_id,0.98,"Exact match: same_tmdb_id",MERGE_RECOMMENDED,100%,100%
movie,EXACT_DUPLICATE,c7481f30-3e7a-44dd-81c8-31aa12cb27da,2d411103-c042-4782-b3b6-fc45e57a75a9,adarshavanthudu-1984,rajakumar-1983,"Adarshavanthudu","Rajakumar",1984,1983,same_tmdb_id,0.98,"Exact match: same_tmdb_id",MERGE_RECOMMENDED,100%,100%
movie,EXACT_DUPLICATE,c7481f30-3e7a-44dd-81c8-31aa12cb27da,191d10a9-c31e-406d-ba17-25158791055d,adarshavanthudu-1984,apadhbandhavulu-1983,"Adarshavanthudu","Apadhbandhavulu",1984,1983,same_tmdb_id,0.98,"Exact match: same_tmdb_id",MERGE_RECOMMENDED,100%,100%
movie,EXACT_DUPLICATE,c7481f30-3e7a-44dd-81c8-31aa12cb27da,9ab83448-1a15-481d-87da-026dc7e896e0,adarshavanthudu-1984,oorantha-sankranthi-1983,"Adarshavanthudu","Oorantha Sankranthi",1984,1983,same_tmdb_id,0.98,"Exact match: same_tmdb_id",MERGE_RECOMMENDED,100%,100%
movie,EXACT_DUPLICATE,ae8261b8-1f1d-4050-a029-95091d5e14c6,ead726b6-5e3d-4b83-916b-1535399eaef6,maga-maharaju-1983,sivudu-sivudu-sivudu-1983,"Maga Maharaju","Sivudu Sivudu Sivudu",1983,1983,same_tmdb_id,0.98,"Exact match: same_tmdb_id",MERGE_RECOMMENDED,100%,100%
movie,EXACT_DUPLICATE,5295522c-545c-4ef4-ade4-2c125ac62d22,80bd2e7f-10b5-4f95-8cd6-0679790883f1,sadma-1984,sadma-1983,"Sadma","Sadma",1984,1983,same_tmdb_id,0.98,"Exact match: same_tmdb_id",MERGE_RECOMMENDED,100%,100%
movie,EXACT_DUPLICATE,4d7d3759-9fc7-4117-8e97-5ceb51d50253,bcc14ae8-f23b-4587-8a5e-6eb929464228,puli-1985,mantri-gari-viyyankudu-1983,"Puli","Mantri Gari Viyyankudu",1985,1983,same_tmdb_id,0.98,"Exact match: same_tmdb_id",MERGE_RECOMMENDED,100%,100%
movie,EXACT_DUPLICATE,22e305a7-41e2-4015-809d-c3b8e14672fd,9ba48cc4-e407-4353-b89c-a964a70832ec,kalavari-samsaram-1982,kalavaari-samsaram-1982,"Kalavari Samsaram","Kalavaari Samsaram",1982,1982,same_tmdb_id,0.98,"Exact match: same_tmdb_id",MERGE_RECOMMENDED,100%,100%
movie,EXACT_DUPLICATE,afd6aa95-a5ad-47eb-a53b-9d30eb889929,69bbfa31-ba9d-4951-b6bf-fcab8d931f1e,gopala-krishnudu-1982,ekalavya-1982,"Gopala Krishnudu","Ekalavya",1982,1982,same_tmdb_id,0.98,"Exact match: same_tmdb_id",MERGE_RECOMMENDED,100%,100%
movie,EXACT_DUPLICATE,5f3b08a2-51c4-4fe5-9eb0-889e52358c1f,dc4eaf11-0b2a-4438-a2cb-263e739e5cd3,illale-devatha-1985,devata-1982,"Illale Devatha","Devata",1985,1982,same_tmdb_id,0.98,"Exact match: same_tmdb_id",MERGE_RECOMMENDED,100%,100%
movie,EXACT_DUPLICATE,6e046232-c652-432b-ac42-627b13e22809,f6ac25c7-7c2e-4307-8d06-65de24879d67,manchu-pallaki-1982,mondi-ghatam-1982,"Manchu Pallaki","Mondi Ghatam",1982,1982,same_tmdb_id,0.98,"Exact match: same_tmdb_id",MERGE_RECOMMENDED,100%,100%
movie,EXACT_DUPLICATE,c150588c-1ee3-49e9-849a-a08ca59a96fe,4d17874d-a23e-41b3-85bd-7f265f0a5344,moondram-pirai-1983,moondram-pirai-1982,"Moondram Pirai","Moondram Pirai",1983,1982,same_tmdb_id,0.98,"Exact match: same_tmdb_id",MERGE_RECOMMENDED,100%,100%
movie,EXACT_DUPLICATE,d1d9e511-7304-458e-a817-b39c2088ed26,168e0262-6eb3-45f4-af8a-53d60f15d797,satyabhama-2024,satyabhama-1981,"Satyabhama","Satyabhama",2024,1981,same_tmdb_id,0.98,"Exact match: same_tmdb_id",MERGE_RECOMMENDED,100%,100%
movie,EXACT_DUPLICATE,663b6509-c081-4127-bd3c-125f48cf0d5c,f49c445d-46d0-40ef-9683-bbc48a13dd1a,thodu-needa-1983,prema-pichchi-1981,"Thodu Needa","Prema Pichchi",1983,1981,same_tmdb_id,0.98,"Exact match: same_tmdb_id",MERGE_RECOMMENDED,100%,100%
movie,EXACT_DUPLICATE,6cee172a-0ce2-47d6-9e78-e2d1e532b3f7,ce1390a1-940c-4590-a5f5-d75e14c32336,manasulo-maata-1999,jathagadu-1981,"Manasulo Maata","Jathagadu",1999,1981,same_tmdb_id,0.98,"Exact match: same_tmdb_id",MERGE_RECOMMENDED,100%,100%
movie,EXACT_DUPLICATE,fe569dd4-0bff-4b5b-a21c-ba2ddd1df78a,9b5fd4b3-d8ba-4bdb-bef2-1ada70b6f6f0,srivari-muchatlu-1981,srivari-muchatlu-1980,"Srivari Muchatlu","Srivari Muchatlu",1981,1980,same_tmdb_id,0.98,"Exact match: same_tmdb_id",MERGE_RECOMMENDED,100%,100%
movie,EXACT_DUPLICATE,60b1c7fe-b843-4cdb-9dd6-c8f74e2deb3d,06aa0683-c88e-46b6-8928-5d0dbb247f24,donga-sachinollu-2008,challenge-ramudu-1980,"Donga Sachinollu","Challenge Ramudu",2008,1980,same_tmdb_id,0.98,"Exact match: same_tmdb_id",MERGE_RECOMMENDED,100%,100%
movie,EXACT_DUPLICATE,4573fe79-3ff4-4817-aba1-6a0e4cc4df48,6831aff4-99da-4cdc-b581-92c403e28eec,seethakoka-chilaka-1981,kotha-jeevithalu-1980,"Seethakoka Chilaka","Kotha Jeevithalu",1981,1980,same_tmdb_id,0.98,"Exact match: same_tmdb_id",MERGE_RECOMMENDED,100%,100%
movie,EXACT_DUPLICATE,156321cb-386a-41c5-90e8-0f7898fd8714,5986f3e3-5d62-402b-94f5-990a119ea46c,dampatyam-1985,gharana-donga-1980,"Dampatyam","Gharana Donga",1985,1980,same_tmdb_id,0.98,"Exact match: same_tmdb_id",MERGE_RECOMMENDED,100%,100%
movie,EXACT_DUPLICATE,a283681f-13c8-4a89-ab89-394012c7897e,41763581-7705-4103-ada0-3bb0b587134b,bhadradri-ramudu-2004,bebbuli-1980,"Bhadradri Ramudu","Bebbuli",2004,1980,same_tmdb_id,0.98,"Exact match: same_tmdb_id",MERGE_RECOMMENDED,100%,100%
movie,EXACT_DUPLICATE,4741b560-53b0-4361-bf96-9d45a1de543c,4650626e-6e1b-43e1-8617-fd6949f87309,ee-charithra-ye-siratho-1982,nijam-1980,"Ee Charithra Ye Siratho","Nijam",1982,1980,same_tmdb_id,0.98,"Exact match: same_tmdb_id",MERGE_RECOMMENDED,100%,100%
movie,EXACT_DUPLICATE,32a6163c-0058-4bbb-9b3a-1749b3be1ec2,fbe69908-f10b-47e9-a40d-4f838b3aaed6,mesthri-2009,buchi-babu-1980,"Mesthri","Buchi Babu",2009,1980,same_tmdb_id,0.98,"Exact match: same_tmdb_id",MERGE_RECOMMENDED,100%,100%
movie,EXACT_DUPLICATE,b818c656-605a-44f2-b6af-15d347b747df,bb8558da-4d67-42f7-8fb5-afa870e8f540,pistha-2009,guru-1980,"Pistha","Guru",2009,1980,same_tmdb_id,0.98,"Exact match: same_tmdb_id",MERGE_RECOMMENDED,100%,100%
movie,EXACT_DUPLICATE,218150d5-a27b-4f55-9acb-58ee07486a06,998f688b-0948-4a93-8a2b-c3fa6e744569,gaja-donga-1981,gaja-donga-1980,"Gaja Donga","Gaja Donga",1981,1980,same_tmdb_id,0.98,"Exact match: same_tmdb_id",MERGE_RECOMMENDED,100%,100%
movie,EXACT_DUPLICATE,fc15126b-16d7-4980-a68c-bfbe4827adb8,2f938661-0a84-462a-ae1a-44d3cb5c7a45,tiger-harischandra-prasad-2003,akbar-salim-anarkali-1979,"Tiger Harischandra Prasad","Akbar Salim Anarkali",2003,1979,same_tmdb_id,0.98,"Exact match: same_tmdb_id",MERGE_RECOMMENDED,100%,100%
movie,EXACT_DUPLICATE,9d255b4c-49b8-4561-8fa9-3bc87ea80962,53183cdc-9aec-4d6a-9489-240077ed3532,andamaina-anubhavam-1979,ninaithaale-inikkum-1979,"Andamaina Anubhavam","Ninaithaale Inikkum",1979,1979,same_tmdb_id,0.98,"Exact match: same_tmdb_id",MERGE_RECOMMENDED,100%,100%
movie,EXACT_DUPLICATE,9d255b4c-49b8-4561-8fa9-3bc87ea80962,d4b91187-1ab7-41c0-961e-353fd5b01ad2,andamaina-anubhavam-1979,ninaithale-inikkum-1979,"Andamaina Anubhavam","Ninaithale Inikkum",1979,1979,same_tmdb_id,0.98,"Exact match: same_tmdb_id",MERGE_RECOMMENDED,100%,100%
movie,EXACT_DUPLICATE,aec86be3-eb17-4928-a026-795d7cde5317,cb6b0fd2-de4c-40e7-be98-aac1f161492b,vaana-2008,melu-kolupu-1978,"Vaana","Melu Kolupu",2008,1978,same_tmdb_id,0.98,"Exact match: same_tmdb_id",MERGE_RECOMMENDED,100%,100%
movie,EXACT_DUPLICATE,aa04e255-0138-4e23-8086-370cf90ce4ba,b7f47489-8097-4ec0-8940-f44454a13594,ammoru-1995,mundadugu-1978,"Ammoru","Mundadugu",1995,1978,same_tmdb_id,0.98,"Exact match: same_tmdb_id",MERGE_RECOMMENDED,100%,100%
movie,EXACT_DUPLICATE,8a7cc5ac-3e1b-4759-a3f1-5fd996087fab,2e9debc8-f91e-496d-8f17-d2545485d550,indradhanussu-1978,indradhanassu-1978,"Indradhanussu","Indradhanassu",1978,1978,same_tmdb_id,0.98,"Exact match: same_tmdb_id",MERGE_RECOMMENDED,100%,100%
movie,EXACT_DUPLICATE,b424734e-1a88-463c-a2db-d1acd2b92178,19587c16-9847-4d64-ad44-4101efe4727d,vara-prasad-potti-prasad-2011,bangaru-manishi-1976,"Vara Prasad Potti Prasad","Bangaru Manishi",2011,1976,same_tmdb_id,0.98,"Exact match: same_tmdb_id",MERGE_RECOMMENDED,100%,100%
movie,EXACT_DUPLICATE,e630cc69-7ade-4b0e-88df-8d29be5b75d2,d7ea2bdc-b127-4737-9553-d63ea6ab0415,seetha-kalyanam-1976,sita-swayamvar-1976,"Seetha Kalyanam","Sita Swayamvar",1976,1976,same_tmdb_id,0.98,"Exact match: same_tmdb_id",MERGE_RECOMMENDED,100%,100%
movie,EXACT_DUPLICATE,e630cc69-7ade-4b0e-88df-8d29be5b75d2,17f6c2cb-f7a2-4781-a402-8429d5170d0a,seetha-kalyanam-1976,seeta-kalyanam-1976,"Seetha Kalyanam","Seeta Kalyanam",1976,1976,same_tmdb_id,0.98,"Exact match: same_tmdb_id",MERGE_RECOMMENDED,100%,100%
movie,EXACT_DUPLICATE,db8c82b3-67e6-47fd-80c9-12979c8123ff,24ba1e30-9491-429d-ba3f-d5f456e97bb5,manmatha-leelai-1976,manmadha-leelai-1976,"Manmatha Leelai","Manmadha Leelai",1976,1976,same_tmdb_id,0.98,"Exact match: same_tmdb_id",MERGE_RECOMMENDED,100%,100%
movie,EXACT_DUPLICATE,47424e80-abdb-4db5-be60-1f82cd1266f4,b4b7471f-13cc-4334-af0c-39dabc3ad848,vamsi-2000,vemulawada-bheemakavi-1976,"Vamsi","Vemulawada Bheemakavi",2000,1976,same_tmdb_id,0.98,"Exact match: same_tmdb_id",MERGE_RECOMMENDED,100%,100%
movie,EXACT_DUPLICATE,b168e4e1-d295-43f5-81b4-c3fcdd056222,ac4fb15d-e6da-4e55-9826-3758a4865f14,iddaru-iddare-1990,iddaru-iddare-1976,"Iddaru Iddare","Iddaru Iddare",1990,1976,same_tmdb_id,0.98,"Exact match: same_tmdb_id",MERGE_RECOMMENDED,100%,100%
movie,EXACT_DUPLICATE,251f2ccc-2427-4db3-b255-9f463044ba6e,fbe0ee14-3cd4-4f31-9c60-b4494dd4a472,andaru-dongale-dorikithe-2004,andaru-dongale-1974,"Andaru Dongale Dorikithe","Andaru Dongale",2004,1974,same_tmdb_id,0.98,"Exact match: same_tmdb_id",MERGE_RECOMMENDED,100%,100%
movie,EXACT_DUPLICATE,8f63d8ee-a394-4c49-9cca-f59ee1aab9ed,5cb44bbf-dd51-48d3-99d9-2834bb09fe16,bala-mitrula-katha-1973,bala-mitrula-katha-1972,"Bala Mitrula Katha","Bala Mitrula Katha",1973,1972,same_tmdb_id,0.98,"Exact match: same_tmdb_id",MERGE_RECOMMENDED,100%,100%
movie,EXACT_DUPLICATE,213cb1fa-d010-4824-b51d-2fc1dcd0d1c0,3f43d925-b849-4651-ab42-4205cc9d0209,poombatta-1971,poompatta-1971,"Poombatta","Poompatta",1971,1971,same_tmdb_id,0.98,"Exact match: same_tmdb_id",MERGE_RECOMMENDED,100%,100%
movie,EXACT_DUPLICATE,1196ac9f-472a-446a-9f7b-41b8ad8bdb75,4da65ae6-014e-4bfa-aabd-155741bd33a0,iddaru-ammayilu-1972,iddaru-ammayilu-1971,"Iddaru Ammayilu","Iddaru Ammayilu",1972,1971,same_tmdb_id,0.98,"Exact match: same_tmdb_id",MERGE_RECOMMENDED,100%,100%
movie,EXACT_DUPLICATE,d3f7d62e-13ba-47b2-846d-5fb8e7837ee3,c0b08b22-73ed-4160-9064-4a5992f4df80,poola-rangadu-2012,poola-rangadu-1967,"Poola Rangadu","Poola Rangadu",2012,1967,same_tmdb_id,0.98,"Exact match: same_tmdb_id",MERGE_RECOMMENDED,100%,100%
movie,EXACT_DUPLICATE,1c3e5c60-da3b-4487-bf80-dbcb2086b8af,43dd19bb-47ea-4364-8f65-8e424d4ac215,pandava-vanavasamu-1965,pandava-vanavasam-1965,"Pandava Vanavasamu","Pandava Vanavasam",1965,1965,same_tmdb_id,0.98,"Exact match: same_tmdb_id",MERGE_RECOMMENDED,100%,100%
movie,EXACT_DUPLICATE,abb8dc74-1a1e-4792-9d1f-68341f03268c,64d4d80f-cfda-452f-99d9-f80d418c9c0e,rama-rama-krishna-krishna-2010,bangaru-thimmaraju-1964,"Rama Rama Krishna Krishna","Bangaru Thimmaraju",2010,1964,same_tmdb_id,0.98,"Exact match: same_tmdb_id",MERGE_RECOMMENDED,100%,100%
movie,EXACT_DUPLICATE,c14c944e-e9d6-4265-88e0-2e6510f1fe25,97fdc6d8-dd4b-4842-885d-199bb0984b81,mooga-manasulu-1964,mooga-manasulu-1963,"Mooga Manasulu","Mooga Manasulu",1964,1963,same_tmdb_id,0.98,"Exact match: same_tmdb_id",MERGE_RECOMMENDED,100%,100%
movie,EXACT_DUPLICATE,6ba95e96-fc57-4792-a318-8a667d623b3c,6e9d0c29-3a2a-40e1-bca6-c30779c5a402,narthanasala-1963,nartanasala-1962,"Narthanasala","Nartanasala",1963,1963,same_tmdb_id,0.98,"Exact match: same_tmdb_id",MERGE_RECOMMENDED,100%,100%
movie,EXACT_DUPLICATE,3ea051da-a952-4de7-801e-b28a62972507,97aec26f-f735-4dc8-91af-15d154c31483,lava-kusha-1963,lava-kusa-1963,"Lava Kusha","Lava Kusa",1963,1963,same_tmdb_id,0.98,"Exact match: same_tmdb_id",MERGE_RECOMMENDED,100%,100%
movie,EXACT_DUPLICATE,d60b0106-384b-4f9e-99b8-d959bb22ca1b,45a8eb36-c0d7-4d64-baec-c178a77737dd,sita-rama-kalyanam-1986,seetha-rama-kalyanam-1961,"Sita Rama Kalyanam","Seetha Rama Kalyanam",1986,1961,same_tmdb_id,0.98,"Exact match: same_tmdb_id",MERGE_RECOMMENDED,100%,100%
movie,EXACT_DUPLICATE,a6f69dca-99a8-45f8-924c-1abc22cf14d7,da9fbdc9-f83d-4b53-97fa-0f9ce671d1b3,sri-venkateswara-mahatmyam-1960,sri-venkateswara-mahatyam-1960,"Sri Venkateswara Mahatmyam","Sri Venkateswara Mahatyam",1960,1960,same_tmdb_id,0.98,"Exact match: same_tmdb_id",MERGE_RECOMMENDED,100%,100%
movie,EXACT_DUPLICATE,0fd4c20c-8a38-4bc6-aefe-7923fe6d0fdb,56402b79-1274-493f-96c6-8724a302a98d,appu-chesi-pappu-koodu-2008,appu-chesi-pappu-koodu-1959,"Appu Chesi Pappu Koodu","Appu Chesi Pappu Koodu",2008,1959,same_tmdb_id,0.98,"Exact match: same_tmdb_id",MERGE_RECOMMENDED,100%,100%
movie,EXACT_DUPLICATE,8e0b3ba1-f83f-4b24-9247-d0a9ac484ded,caa6c0db-66e8-4d30-ab19-15afae98ac99,pathala-bhairavi-1951,patala-bhairavi-1951,"Pathala Bhairavi","Patala Bhairavi",1951,1951,same_tmdb_id,0.98,"Exact match: same_tmdb_id",MERGE_RECOMMENDED,100%,100%
movie,EXACT_DUPLICATE,74a8d489-3705-4f20-9932-a6ae71babfc0,8182275f-e88d-4453-b855-4bb1695ef80c,badrinath-2011,badrinadh-2011,"Badrinath","Badrinadh",2011,2011,same_imdb_id,0.98,"Exact match: same_imdb_id",MERGE_RECOMMENDED,100%,100%
movie,EXACT_DUPLICATE,21956f48-7626-4355-9e41-382004f8b9f5,8b41e19f-4480-4a7f-bfb5-248bd481a2c8,sri-2005,sree-2005,"Sri","Sree",2005,2005,same_imdb_id,0.98,"Exact match: same_imdb_id",MERGE_RECOMMENDED,100%,100%
movie,EXACT_DUPLICATE,81b5b22b-25b6-4efe-8431-0b8b96bb8828,a4ff9a89-5168-43b2-a11f-5c2fa658ab53,vicky-dada-1989,vicky-daada-1989,"Vicky Dada","Vicky Daada",1989,1989,same_imdb_id,0.98,"Exact match: same_imdb_id",MERGE_RECOMMENDED,100%,100%
movie,SAME_TITLE_YEAR,b6958f7d-5e4c-40b2-8bfc-ed9b0d3b2411,35091fb5-b678-4c1d-b64a-c7ab5608ec5e,thimmarusu-assignment-vali-2021,thimmarusu-2021,"Thimmarusu: Assignment Vali","Thimmarusu",2021,2021,same_title_year,0.95,"Same title and year: "Thimmarusu: Assignment Vali" (2021)",MERGE_RECOMMENDED,N/A,N/A
movie,EXACT_DUPLICATE,4ac2b5ff-e664-4f48-bcad-a0923b4ad192,a7aa9ae5-0409-421d-94d3-0ac211987208,chaurya-paatham-2025,chaurya-paatam-2025,"Chaurya Paatham","Chaurya Paatam",2025,2025,exact_telugu_title_year,0.95,"Exact match: exact_telugu_title_year",MERGE_RECOMMENDED,100%,100%
movie,EXACT_DUPLICATE,0f31dbc3-9281-4594-aaae-f0f148f68f3f,a1aeaecb-3356-4a56-90fa-48b41c01c2d3,alanaati-ramchandrudu-2024,alanaati-ramachandrudu-2024,"Alanaati Ramchandrudu","Alanaati Ramachandrudu",2024,2024,exact_telugu_title_year,0.95,"Exact match: exact_telugu_title_year",MERGE_RECOMMENDED,100%,100%
movie,EXACT_DUPLICATE,2128388f-5577-45b2-b63c-204f7802d2bc,257ebea1-61a7-47a9-8d8f-00180ad80809,taxiwala-2018,taxiwaala-2018,"Taxiwala","Taxiwaala",2018,2018,exact_telugu_title_year,0.95,"Exact match: exact_telugu_title_year",MERGE_RECOMMENDED,100%,100%
movie,EXACT_DUPLICATE,e1f0d7be-00ea-4b93-a70d-71eaac7c490b,bbcfe743-3db9-420e-8350-b16117008be1,krishnarjuna-yudham-2018,krishnarjuna-yuddham-2018,"Krishnarjuna Yudham","Krishnarjuna Yuddham",2018,2018,exact_telugu_title_year,0.95,"Exact match: exact_telugu_title_year",MERGE_RECOMMENDED,100%,100%
movie,EXACT_DUPLICATE,a87923c8-e5a9-43bb-b31a-304683ae4425,faf9b4a1-bb25-4d1d-8805-ac226c0ef83a,bhaagamathie-2018,bhagmati-2018,"Bhaagamathie","Bhagmati",2018,2018,exact_telugu_title_year,0.95,"Exact match: exact_telugu_title_year",MERGE_RECOMMENDED,100%,100%
movie,EXACT_DUPLICATE,b32a9207-0841-4578-9dd9-ae1f9e937285,b7f52b0b-758f-4457-a666-010b85d06a8c,v-for-vendetta-2006,vivah-2006,"V for Vendetta","Vivah",2006,2006,exact_telugu_title_year,0.95,"Exact match: exact_telugu_title_year",MERGE_RECOMMENDED,100%,100%
movie,EXACT_DUPLICATE,71e2d0c2-8744-4b6e-91c8-afc07a1a6784,f5f44534-d019-449a-a427-2362f44bb93c,puttintiki-raa-chelli-2004,puttintiki-ra-chelli-2004,"Puttintiki Raa Chelli","Puttintiki Ra Chelli",2004,2004,exact_telugu_title_year,0.95,"Exact match: exact_telugu_title_year",MERGE_RECOMMENDED,100%,100%
movie,EXACT_DUPLICATE,f4e4f5ec-e456-4246-a217-40ea9d2ac426,8df1a616-6b5c-43dd-ae54-e51cd078b172,bangaru-kutumbam-1994,brahmachari-mogudu-1994,"Bangaru Kutumbam","Brahmachari Mogudu",1994,1994,exact_telugu_title_year,0.95,"Exact match: exact_telugu_title_year",MERGE_RECOMMENDED,100%,100%
movie,EXACT_DUPLICATE,f4e4f5ec-e456-4246-a217-40ea9d2ac426,563d0357-6ae1-4ff3-9331-f92a37a7af73,bangaru-kutumbam-1994,yamaleela-1994,"Bangaru Kutumbam","Yamaleela",1994,1994,exact_telugu_title_year,0.95,"Exact match: exact_telugu_title_year",MERGE_RECOMMENDED,100%,100%
movie,EXACT_DUPLICATE,65be9b54-3bc4-4e67-a7b0-75fa3e0e8556,be67b9a8-9eee-4879-bdcf-e589dd970824,brundavanam-1993,brindavanam-1992,"Brundavanam","Brindavanam",1992,1992,exact_telugu_title_year,0.95,"Exact match: exact_telugu_title_year",MERGE_RECOMMENDED,100%,100%
movie,EXACT_DUPLICATE,2a852220-fecb-4b1e-a2ef-a3058c88b043,d40fc607-a589-409d-ad3c-5c8a655399a0,sagara-sangamam-1983,saagara-sangamam-1983,"Sagara Sangamam","Saagara Sangamam",1983,1983,exact_telugu_title_year,0.95,"Exact match: exact_telugu_title_year",MERGE_RECOMMENDED,100%,100%
movie,EXACT_DUPLICATE,53183cdc-9aec-4d6a-9489-240077ed3532,d4b91187-1ab7-41c0-961e-353fd5b01ad2,ninaithaale-inikkum-1979,ninaithale-inikkum-1979,"Ninaithaale Inikkum","Ninaithale Inikkum",1979,1979,exact_telugu_title_year,0.95,"Exact match: exact_telugu_title_year",MERGE_RECOMMENDED,100%,100%
movie,TITLE_VARIANT,bb753191-329e-4f9c-90af-c4fea1086b51,9ae4694b-6332-4775-907f-de052bd508a0,devi-l--2016,devi-l-2016,"Devi(L)","Devi(L)",2016,2016,normalized_title_year,0.92,"Normalized title match: "Devi(L)" vs "Devi(L)" (2016)",MERGE_RECOMMENDED,100%,100%
movie,TITLE_VARIANT,965073e3-e69b-4c2e-9479-b71682d87c3c,06fbeb2c-ab89-423c-9e63-6009e3e96688,madonna-the-confessions-tour-2006,sundaraniki-thondarekkuva-2006,"Sundaraniki Tondarekkuva","Sundaraniki Tondarekkuva",2006,2006,normalized_title_year,0.92,"Normalized title match: "Sundaraniki Tondarekkuva" vs "Sundaraniki Tondarekkuva" (2006)",MERGE_RECOMMENDED,100%,100%
movie,FUZZY_DUPLICATE,4ac2b5ff-e664-4f48-bcad-a0923b4ad192,a7aa9ae5-0409-421d-94d3-0ac211987208,chaurya-paatham-2025,chaurya-paatam-2025,"Chaurya Paatham","Chaurya Paatam",2025,2025,fuzzy_high,0.9,"transliteration_variant",MERGE_RECOMMENDED,100%,100%
movie,FUZZY_DUPLICATE,6db57a76-9fb2-48f8-af66-7b2aba84cc5a,4f01db6e-a4b8-41f9-8ffc-0c8a1207eb34,leela-vinodham-2024,leela-vinodam-2024,"Leela Vinodham","Leela Vinodam",2024,2024,fuzzy_high,0.9,"transliteration_variant",MERGE_RECOMMENDED,100%,100%
movie,FUZZY_DUPLICATE,d9534cbb-1d9d-4a92-b51d-6171446adcb1,7d1cc071-a8c7-4e18-ae94-153f57166bf1,asalem-jarigindi-2021,asalem-jarigandi-2021,"Asalem Jarigindi","Asalem Jarigandi",2021,2021,fuzzy_high,0.9,"typo_or_spelling",MERGE_RECOMMENDED,100%,100%
movie,FUZZY_DUPLICATE,0cb11e05-7b92-4fd2-9bd5-8ef79fbe58f6,6b831ff9-31b6-4999-ae25-878d20083188,n-t-r-kathanayakudu-2019,n-t-r-kathanayukudu-2019,"N.T.R: Kathanayakudu","N.T.R: Kathanayukudu",2019,2019,fuzzy_high,0.9,"typo_or_spelling",MERGE_RECOMMENDED,100%,100%
movie,FUZZY_DUPLICATE,e66580c6-5778-4b37-b42c-f40e116b93eb,9e9d31b6-7800-45ff-a7b5-ffa9cb124682,ongole-gittha-2013,ongole-githa-2013,"Ongole Gittha","Ongole Githa",2013,2013,fuzzy_high,0.9,"typo_or_spelling",MERGE_RECOMMENDED,100%,100%
movie,FUZZY_DUPLICATE,581de389-c344-4d0e-9d84-983dc53bc30b,9f77cff1-9f83-4898-9668-f03cf0610332,dhenikaina-ready-2012,denikaina-ready-2012,"Dhenikaina Ready","Denikaina Ready",2012,2012,fuzzy_high,0.9,"transliteration_variant",MERGE_RECOMMENDED,100%,100%
movie,FUZZY_DUPLICATE,39700a53-b466-4e20-8987-d348b0b678f7,e108b77b-eaf0-4f70-ae70-eec5c5e256e9,madatha-kaja-2011,madatha-kaaja-2011,"Madatha Kaja","Madatha Kaaja",2011,2011,fuzzy_high,0.9,"transliteration_variant",MERGE_RECOMMENDED,100%,100%
movie,FUZZY_DUPLICATE,734de240-9c27-4948-892d-177c34dee25d,bb35eb63-49c4-42aa-a405-7ca08b8a813d,betting-bangarraju-2010,betting-bangaraju-2010,"Betting Bangarraju","Betting Bangaraju",2010,2010,fuzzy_high,0.9,"typo_or_spelling",MERGE_RECOMMENDED,100%,100%
movie,FUZZY_DUPLICATE,af4e9bbd-d8b3-40dc-a1c9-4bf4f7287c4e,c983a723-13ff-4688-b48a-555562d9962d,kathi-kanta-rao-2010,kathi-kantha-rao-2010,"Kathi Kanta Rao","Kathi Kantha Rao",2010,2010,fuzzy_high,0.9,"transliteration_variant",MERGE_RECOMMENDED,100%,100%
movie,FUZZY_DUPLICATE,7a5dc5f8-681d-49a7-9ff4-3a4962dcb9b0,1da56a37-112f-45ab-9ea6-905c9657a7e8,quick-gun-murugun-2009,quick-gun-murugan-2009,"Quick Gun Murugun","Quick Gun Murugan",2009,2009,fuzzy_high,0.9,"transliteration_variant",MERGE_RECOMMENDED,100%,100%
movie,FUZZY_DUPLICATE,93fff905-8853-43ec-828c-d75f9afadd13,6b65d95e-1e3f-46bf-b70b-91282ec6661b,punnami-naagu-2009,punnami-nagu-2009,"Punnami Naagu","Punnami Nagu",2009,2009,fuzzy_high,0.9,"transliteration_variant",MERGE_RECOMMENDED,100%,100%
movie,FUZZY_DUPLICATE,53f37cd5-1107-4396-93f0-5aa6ba836667,7064c032-a15f-4d90-bfaa-68d67cc73a71,sesh-sanghat-2009,sesh-sangat-2009,"Sesh Sanghat","Sesh Sangat",2009,2009,fuzzy_high,0.9,"typo_or_spelling",MERGE_RECOMMENDED,100%,100%
movie,FUZZY_DUPLICATE,5e932d99-07e7-432a-8ff4-d3b7e0391710,95a02261-9df8-4a43-a6e0-4adb6f0e4a7e,idi-sangathi-2008,idhi-sangathi-2008,"Idi Sangathi","Idhi Sangathi",2008,2008,fuzzy_high,0.9,"typo_or_spelling",MERGE_RECOMMENDED,100%,100%
movie,FUZZY_DUPLICATE,5a955029-14ce-41fa-9214-37cad81b236b,4c4916cc-935b-474d-8d30-2767bbe1a582,gunde-jallumandi-2008,gunde-jhallumandi-2008,"Gunde Jallumandi","Gunde Jhallumandi",2008,2008,fuzzy_high,0.9,"typo_or_spelling",MERGE_RECOMMENDED,100%,100%
movie,FUZZY_DUPLICATE,89c12b31-4704-434d-bfe7-4b61a595829c,fa2a970d-aacb-4b7b-9aca-46a7c8df6d35,mangathaayaru-tiffin-centre-2008,mangatayaru-tiffin-centre-2008,"Mangathaayaru Tiffin Centre","Mangatayaru Tiffin Centre",2008,2008,fuzzy_high,0.9,"transliteration_variant",MERGE_RECOMMENDED,100%,100%
movie,FUZZY_DUPLICATE,7606ba4f-843b-4a3a-907c-79a024446477,59a673a2-c1a9-4369-b3e5-3a261cdc7f20,aadavari-matalaku-arthale-verule-2007,aadavari-matalaku-ardhalu-verule-2007,"Aadavari Matalaku Arthale Verule","Aadavari Matalaku Ardhalu Verule",2007,2007,fuzzy_high,0.9,"typo_or_spelling",MERGE_RECOMMENDED,100%,100%
movie,FUZZY_DUPLICATE,133e0bcc-f40d-48cb-8d31-4da001abef40,f4111b0d-3c05-4426-875a-a968e1f46e1c,evadi-gola-vaadidi-2005,evadi-gola-vaadidhi-2005,"Evadi Gola Vaadidi","Evadi Gola Vaadidhi",2005,2005,fuzzy_high,0.9,"transliteration_variant",MERGE_RECOMMENDED,100%,100%
movie,FUZZY_DUPLICATE,0c333ba3-e6b7-427a-ab60-35e35afb0557,58abd8df-4fd5-40b7-bcf9-ee19a064d183,avunanna-kadanna-2005,avunanna-kaadanna-2005,"Avunanna Kadanna","Avunanna Kaadanna",2005,2005,fuzzy_high,0.9,"transliteration_variant",MERGE_RECOMMENDED,100%,100%
movie,FUZZY_DUPLICATE,ab1ba789-ffbd-4afd-a172-544ef3cf2635,9ea78b54-f7bc-459c-babb-785f0b501080,nuvvante-nakishtam-2005,nuvvante-naakishtam-2005,"Nuvvante Nakishtam","Nuvvante Naakishtam",2005,2005,fuzzy_high,0.9,"transliteration_variant",MERGE_RECOMMENDED,100%,100%
movie,FUZZY_DUPLICATE,6bae28b2-d453-4ac6-b03a-ac1ba92f3b57,4280bb87-697a-4cea-9a56-247939a4a7da,orey-pandu-2005,oray-pandu-2005,"Orey Pandu","Oray Pandu",2005,2005,fuzzy_high,0.9,"typo_or_spelling",MERGE_RECOMMENDED,100%,100%
movie,FUZZY_DUPLICATE,1d6288b0-5004-4eb6-8417-a98a34dfb9c3,14faf8f2-1132-409a-9018-0eaeb11ddfc3,kana-kandaen-2005,kana-kanden-2005,"Kana Kandaen","Kana Kanden",2005,2005,fuzzy_high,0.9,"transliteration_variant",MERGE_RECOMMENDED,100%,100%
movie,FUZZY_DUPLICATE,691a5e88-ba5e-438e-85da-9bcfa48e7650,8cddda28-00fe-449e-8a28-2d48848ef461,madhyanam-hathya-2004,madhayanam-hathya-2004,"Madhyanam Hathya","Madhayanam Hathya",2004,2004,fuzzy_high,0.9,"typo_or_spelling",MERGE_RECOMMENDED,100%,100%
movie,FUZZY_DUPLICATE,f5980a13-269b-433b-ad20-3ea3ebbd3480,abf5c226-1f96-4d6e-b20c-d01b23f0421b,parthiban-kanavu-2003,parthibhan-kanavu-2003,"Parthiban Kanavu","Parthibhan Kanavu",2003,2003,fuzzy_high,0.9,"typo_or_spelling",MERGE_RECOMMENDED,100%,100%
movie,FUZZY_DUPLICATE,0a3c3164-f40b-48bc-818b-113fee941d6e,bd0d87dc-3fc4-4299-be37-0282faa0f3df,neeke-manasichanu-2003,neeke-manasichaanu-2003,"Neeke Manasichanu","Neeke Manasichaanu",2003,2003,fuzzy_high,0.9,"transliteration_variant",MERGE_RECOMMENDED,100%,100%
movie,FUZZY_DUPLICATE,bce426b2-bdf4-456c-af6b-0d28d653b1c9,bcf475d3-e123-491e-aad1-3b7d3a87c069,premaku-swagatham-2002,premaku-swagatam-2002,"Premaku Swagatham","Premaku Swagatam",2002,2002,fuzzy_high,0.9,"typo_or_spelling",MERGE_RECOMMENDED,100%,100%
movie,FUZZY_DUPLICATE,d76f6f04-821f-4a0e-9192-8cc79b91e961,092508fb-f084-443b-aa50-3c6d06b6ec12,chennakesava-reddy-2002,chennakeshava-reddy-2002,"Chennakesava Reddy","Chennakeshava Reddy",2002,2002,fuzzy_high,0.9,"typo_or_spelling",MERGE_RECOMMENDED,100%,100%
movie,FUZZY_DUPLICATE,5e66579f-af62-4611-9b58-19d04504a046,1254b1ca-f3a3-4842-aec4-639903095342,roja-kootam-2002,roja-koottam-2002,"Roja Kootam","Roja Koottam",2002,2002,fuzzy_high,0.9,"transliteration_variant",MERGE_RECOMMENDED,100%,100%
movie,FUZZY_DUPLICATE,83ff9938-9c73-40b1-9909-f48643b7eb52,d39de461-032a-4bcd-aa7b-8b0985879f98,kalisi-naduddam-2001,kalasi-naduddam-2001,"Kalisi Naduddam","Kalasi Naduddam",2001,2001,fuzzy_high,0.9,"typo_or_spelling",MERGE_RECOMMENDED,100%,100%
movie,FUZZY_DUPLICATE,6c708904-8659-4b9e-a01d-2fbef5ed6442,da6bbdec-7ed9-4833-8718-791bd21c64c3,chiru-navvuto-2000,chiru-navvutho-2000,"Chiru Navvuto","Chiru Navvutho",2000,2000,fuzzy_high,0.9,"typo_or_spelling",MERGE_RECOMMENDED,100%,100%
movie,FUZZY_DUPLICATE,08e0901b-4e62-428a-b974-2280956ff847,f3ae6eb2-810b-4cc1-b438-1abfcad97d41,okkadu-chalu-2000,okkadu-chaalu-2000,"Okkadu Chalu","Okkadu Chaalu",2000,2000,fuzzy_high,0.9,"transliteration_variant",MERGE_RECOMMENDED,100%,100%
movie,FUZZY_DUPLICATE,ef8ed890-bded-4615-80e0-fc016f7caf84,4be79890-612c-4ac8-a44c-e5f1a15768f8,premaku-velayera-1999,premaku-velayara-1999,"Premaku Velayera","Premaku Velayara",1999,1999,fuzzy_high,0.9,"typo_or_spelling",MERGE_RECOMMENDED,100%,100%
movie,FUZZY_DUPLICATE,ff1625e1-0db3-4b3a-ab66-39bab861d363,92f3d7d0-2828-4bf2-bd87-6b8c77009d57,preyasi-raave-1999,preyasi-rave-1999,"Preyasi Raave","Preyasi Rave",1999,1999,fuzzy_high,0.9,"transliteration_variant",MERGE_RECOMMENDED,100%,100%
movie,FUZZY_DUPLICATE,2492db22-6a14-43db-afc7-a91bf26cbdac,7b6b8b1b-0bb9-44c8-a10d-029ed36b49b5,mannavaru-sinnavaru-1999,mannavaru-chinnavaru-1999,"Mannavaru Sinnavaru","Mannavaru Chinnavaru",1999,1999,fuzzy_high,0.9,"typo_or_spelling",MERGE_RECOMMENDED,100%,100%
movie,FUZZY_DUPLICATE,c66f58a2-c4cd-4206-9639-0a4167e784fc,5b176205-0fb7-4422-a40f-f6b63c0ff976,sri-sitaramula-kalyanam-chutamu-rarandi-1998,sri-sita-ramula-kalyanam-chootamu-raarandi-1998,"Sri Sitaramula Kalyanam Chutamu Rarandi","Sri Sita Ramula Kalyanam Chootamu Raarandi",1998,1998,fuzzy_high,0.9,"transliteration_variant",MERGE_RECOMMENDED,100%,100%
movie,FUZZY_DUPLICATE,19953e16-918a-4eaf-8e81-fecf1d6d3f2a,8d65e444-b4c5-41b1-ac67-9a5769ea10e9,pelli-chesukundam-1997,pelli-chesukundaam-1997,"Pelli Chesukundam","Pelli Chesukundaam",1997,1997,fuzzy_high,0.9,"transliteration_variant",MERGE_RECOMMENDED,100%,100%
movie,FUZZY_DUPLICATE,a88d93b2-6efc-4948-83cc-20aefc0c1caf,2993e243-e5c2-414b-9956-323b851d0a4d,gokulamlo-seetha-1997,gokulamlo-seeta-1997,"Gokulamlo Seetha","Gokulamlo Seeta",1997,1997,fuzzy_high,0.9,"transliteration_variant",MERGE_RECOMMENDED,100%,100%
movie,FUZZY_DUPLICATE,8269a324-1d97-47ab-b05c-f578a999a39e,0a870842-3553-4713-b9ff-b371c3017729,maa-nannaku-pelli-1997,maa-nannaki-pelli-1997,"Maa Nannaku Pelli","Maa Nannaki Pelli",1997,1997,fuzzy_high,0.9,"transliteration_variant",MERGE_RECOMMENDED,100%,100%
movie,FUZZY_DUPLICATE,7b420ac9-81f6-4bec-aa93-045091efaa78,4c2c2269-9e84-4f78-b252-2a621d6be773,ninne-pelladatha-1996,ninne-pelladata-1996,"Ninne Pelladatha","Ninne Pelladata",1996,1996,fuzzy_high,0.9,"typo_or_spelling",MERGE_RECOMMENDED,100%,100%
movie,FUZZY_DUPLICATE,4a37b927-f338-4eca-b40c-4d4309ba5366,748a016d-9387-43f5-a7bb-ec7425103fa5,vaddu-bava-thappu-1995,vaddu-bava-tappu-1995,"Vaddu Bava Thappu","Vaddu Bava Tappu",1995,1995,fuzzy_high,0.9,"typo_or_spelling",MERGE_RECOMMENDED,100%,100%
movie,FUZZY_DUPLICATE,5dd03acb-e9b0-401a-997e-cbe4a7601ff1,e1124ed1-4aee-40ec-a97e-f5ecd5966a8d,maatho-pettukoku-1995,maato-pettukoku-1995,"Maatho Pettukoku","Maato Pettukoku",1995,1995,fuzzy_high,0.9,"transliteration_variant",MERGE_RECOMMENDED,100%,100%
movie,FUZZY_DUPLICATE,3f7cf95c-51e3-4655-aabc-0b490b947128,b93b7d04-d9e8-416d-bc17-9e7f0f4e43f6,ketu-duplicatu-1995,ketu-duplicate-1995,"Ketu Duplicatu","Ketu Duplicate",1995,1995,fuzzy_high,0.9,"typo_or_spelling",MERGE_RECOMMENDED,100%,100%
movie,FUZZY_DUPLICATE,2c8e759a-bfae-47c6-bc2b-04fe4c54e259,2767cdc6-54bc-4a2e-ba95-faf4e5f874bf,mutha-mestri-1993,muta-mestri-1993,"Mutha Mestri","Muta Mestri",1993,1993,fuzzy_high,0.9,"typo_or_spelling",MERGE_RECOMMENDED,100%,100%
movie,FUZZY_DUPLICATE,317c83ef-9f95-4ee7-9d9e-b53074e1e5af,2cbd7aa1-a9f7-48bf-83c0-62d7dc9bb31b,srinatha-kavi-sarvabhowmudu-1993,srinatha-kavi-saarvabhoumudu-1993,"Srinatha Kavi Sarvabhowmudu","Srinatha Kavi Saarvabhoumudu",1993,1993,fuzzy_high,0.9,"transliteration_variant",MERGE_RECOMMENDED,100%,100%
movie,FUZZY_DUPLICATE,b2aa8bf5-af68-47ca-a7fb-798affd10dae,649ffbca-a81a-4218-bb28-1e7002e17f4c,prema-sikharam-1992,prema-shikharam-1992,"Prema Sikharam","Prema Shikharam",1992,1992,fuzzy_high,0.9,"typo_or_spelling",MERGE_RECOMMENDED,100%,100%
movie,FUZZY_DUPLICATE,d972ca4c-443e-4ea1-bcc3-eefbd6f5b4ce,c37ddf9e-eaa1-4667-bf50-d89ae4506c0c,swati-kiranam-1992,swathi-kiranam-1992,"Swati Kiranam","Swathi Kiranam",1992,1992,fuzzy_high,0.9,"typo_or_spelling",MERGE_RECOMMENDED,100%,100%
movie,FUZZY_DUPLICATE,af26d3a3-fd41-451d-9499-c0613cb42335,c6c614a8-0e36-45b9-b836-c8cfec53441b,raktha-tharpanam-1992,raktha-tarpanam-1992,"Raktha Tharpanam","Raktha Tarpanam",1992,1992,fuzzy_high,0.9,"typo_or_spelling",MERGE_RECOMMENDED,100%,100%
movie,FUZZY_DUPLICATE,7a42802b-65bd-4d37-b6a4-53ae078e408b,c6c614a8-0e36-45b9-b836-c8cfec53441b,rakta-tarpanam-1992,raktha-tarpanam-1992,"Rakta Tarpanam","Raktha Tarpanam",1992,1992,fuzzy_high,0.9,"typo_or_spelling",MERGE_RECOMMENDED,100%,100%
movie,FUZZY_DUPLICATE,ce7d501d-8677-4d52-a803-3aa54c7e5c49,3ed6d83f-d8eb-4911-b868-dd7c6ce5d813,april-1st-vidudala-1991,april-1st-vidudhala-1991,"April 1st Vidudala","April 1st Vidudhala",1991,1991,fuzzy_high,0.9,"typo_or_spelling",MERGE_RECOMMENDED,100%,100%
movie,FUZZY_DUPLICATE,81b5b22b-25b6-4efe-8431-0b8b96bb8828,a4ff9a89-5168-43b2-a11f-5c2fa658ab53,vicky-dada-1989,vicky-daada-1989,"Vicky Dada","Vicky Daada",1989,1989,fuzzy_high,0.9,"transliteration_variant",MERGE_RECOMMENDED,100%,100%
movie,FUZZY_DUPLICATE,55646d76-7292-4fda-a420-5b9d859bc570,9a4b1f30-b41e-4c96-ac7b-debebde74061,anthima-theerpu-1988,antima-theerpu-1988,"Anthima Theerpu","Antima Theerpu",1988,1988,fuzzy_high,0.9,"transliteration_variant",MERGE_RECOMMENDED,100%,100%
movie,FUZZY_DUPLICATE,9a4b1f30-b41e-4c96-ac7b-debebde74061,4b361b66-77f7-4b49-b375-a094f1ea42f5,antima-theerpu-1988,antima-teerpu-1988,"Antima Theerpu","Antima Teerpu",1988,1988,fuzzy_high,0.9,"transliteration_variant",MERGE_RECOMMENDED,100%,100%
movie,FUZZY_DUPLICATE,84f4802e-92df-4b1a-bbfb-05048c435a2e,970d7ea0-26f0-49f2-91e2-9915db95176c,maa-voori-magadu-1987,maa-voori-magaadu-1987,"Maa Voori Magadu","Maa Voori Magaadu",1987,1987,fuzzy_high,0.9,"transliteration_variant",MERGE_RECOMMENDED,100%,100%
movie,FUZZY_DUPLICATE,392b54ed-7c23-493d-a0c4-4627975ae7b2,fd138a37-3167-4f6c-a056-2b3921429804,rendu-rella-aaru-1986,rendu-rellu-aaru-1986,"Rendu Rella Aaru","Rendu Rellu Aaru",1986,1986,fuzzy_high,0.9,"typo_or_spelling",MERGE_RECOMMENDED,100%,100%
movie,FUZZY_DUPLICATE,203aed53-80c7-4028-8ba3-4479b0b3ddf9,9591da03-fd53-46ec-8801-67086b9ccf0b,seetharama-kalyanam-1986,seetarama-kalyanam-1986,"Seetharama Kalyanam","Seetarama Kalyanam",1986,1986,fuzzy_high,0.9,"transliteration_variant",MERGE_RECOMMENDED,100%,100%
movie,FUZZY_DUPLICATE,83736616-7e91-40a4-9b6a-b269e4fe4f73,36cf849f-541a-4f93-8d51-d628df275f07,agni-parvatam-1985,agni-parvatham-1985,"Agni Parvatam","Agni Parvatham",1985,1985,fuzzy_high,0.9,"typo_or_spelling",MERGE_RECOMMENDED,100%,100%
movie,FUZZY_DUPLICATE,c38e8a95-b67a-4100-9e35-ed2f5f8e05ff,e8e681d4-fcca-467e-aa1f-c52cf5b4cf9a,raktha-sindhuram-1985,rakta-sindhuram-1985,"Raktha Sindhuram","Rakta Sindhuram",1985,1985,fuzzy_high,0.9,"typo_or_spelling",MERGE_RECOMMENDED,100%,100%
movie,FUZZY_DUPLICATE,582cc445-7101-4789-adb2-7657b0c6d0b4,04a2dc89-7787-42c5-9e08-d86432074923,kanchu-kaagada-1984,kanchu-kagada-1984,"Kanchu Kaagada","Kanchu Kagada",1984,1984,fuzzy_high,0.9,"transliteration_variant",MERGE_RECOMMENDED,100%,100%
movie,FUZZY_DUPLICATE,2a852220-fecb-4b1e-a2ef-a3058c88b043,d40fc607-a589-409d-ad3c-5c8a655399a0,sagara-sangamam-1983,saagara-sangamam-1983,"Sagara Sangamam","Saagara Sangamam",1983,1983,fuzzy_high,0.9,"transliteration_variant",MERGE_RECOMMENDED,100%,100%
movie,FUZZY_DUPLICATE,d360a8fb-525f-44a8-b1d6-370ea6560054,1c313a4f-edae-42ef-a23f-36d5a193f78b,prema-nakshatram-1982,prema-nakshathram-1982,"Prema Nakshatram","Prema Nakshathram",1982,1982,fuzzy_high,0.9,"typo_or_spelling",MERGE_RECOMMENDED,100%,100%
movie,FUZZY_DUPLICATE,22e305a7-41e2-4015-809d-c3b8e14672fd,9ba48cc4-e407-4353-b89c-a964a70832ec,kalavari-samsaram-1982,kalavaari-samsaram-1982,"Kalavari Samsaram","Kalavaari Samsaram",1982,1982,fuzzy_high,0.9,"transliteration_variant",MERGE_RECOMMENDED,100%,100%
movie,FUZZY_DUPLICATE,fe35a622-ff80-4c90-82be-c032e1efcaf1,4003557d-5bce-48e1-b2c7-e6ac0785fcc5,justice-chowdary-1982,justice-chowdhary-1982,"Justice Chowdary","Justice Chowdhary",1982,1982,fuzzy_high,0.9,"typo_or_spelling",MERGE_RECOMMENDED,100%,100%
movie,FUZZY_DUPLICATE,6b4c4ddb-8a69-4a0c-9ed6-96156638df75,f35ab8c9-de5d-4a2c-bde8-626eeb5799af,todu-dongalu-1981,thodu-dongalu-1981,"Todu Dongalu","Thodu Dongalu",1981,1981,fuzzy_high,0.9,"typo_or_spelling",MERGE_RECOMMENDED,100%,100%
movie,FUZZY_DUPLICATE,53c67288-097c-465c-9bd8-e621ad14b4f7,6e97dc8d-58b6-4f0d-812a-8b469bf083bf,bhoga-bhagyalu-1981,bhoga-bagyalu-1981,"Bhoga Bhagyalu","Bhoga Bagyalu",1981,1981,fuzzy_high,0.9,"typo_or_spelling",MERGE_RECOMMENDED,100%,100%
movie,FUZZY_DUPLICATE,1e7e493e-9c00-4132-b3c3-cbcb5ab272b8,1b79354e-f55f-4380-b066-7e321797f6ed,ooruki-monagadu-1981,ooriki-monagadu-1981,"Ooruki Monagadu","Ooriki Monagadu",1981,1981,fuzzy_high,0.9,"typo_or_spelling",MERGE_RECOMMENDED,100%,100%
movie,FUZZY_DUPLICATE,856b7537-a9cb-4097-8468-2f1f23a08dfa,0b63c11f-81c6-4c8b-85ad-a752b4a04b8e,srirasthu-subhamasthu-1981,srirasthu-shubamasthu-1981,"Srirasthu Subhamasthu","Srirasthu Shubamasthu",1981,1981,fuzzy_high,0.9,"typo_or_spelling",MERGE_RECOMMENDED,100%,100%
movie,FUZZY_DUPLICATE,2947c764-97bf-4467-b456-a776f342fb4a,734bcc42-6731-4c13-9c66-30a4e50e5fd7,aadavaallu-meeku-joharlu-1981,adavaallu-meeku-joharulu-1981,"Aadavaallu Meeku Joharlu","Adavaallu Meeku Joharulu",1981,1981,fuzzy_high,0.9,"transliteration_variant",MERGE_RECOMMENDED,100%,100%
movie,FUZZY_DUPLICATE,0a0d8345-02a7-4343-ada9-89ea66b5f912,2da04073-cedc-4de1-8c81-9e00ac0adc95,agni-sanskaram-1980,agni-samskaram-1980,"Agni Sanskaram","Agni Samskaram",1980,1980,fuzzy_high,0.9,"typo_or_spelling",MERGE_RECOMMENDED,100%,100%
movie,FUZZY_DUPLICATE,54145d03-999b-4f55-acca-6080f3428e1f,dd0597ab-d8b4-47ca-9b35-ad678d328de4,toorpu-velle-railu-1979,thoorpu-velle-railu-1979,"Toorpu Velle Railu","Thoorpu Velle Railu",1979,1979,fuzzy_high,0.9,"transliteration_variant",MERGE_RECOMMENDED,100%,100%
movie,FUZZY_DUPLICATE,df549993-f861-45e5-a3e4-4e113e343276,63a6d0ab-db59-4254-8d9d-ded95c79139e,shri-rama-bantu-1979,sri-rama-bantu-1979,"Shri Rama Bantu","Sri Rama Bantu",1979,1979,fuzzy_high,0.9,"typo_or_spelling",MERGE_RECOMMENDED,100%,100%
movie,FUZZY_DUPLICATE,53183cdc-9aec-4d6a-9489-240077ed3532,d4b91187-1ab7-41c0-961e-353fd5b01ad2,ninaithaale-inikkum-1979,ninaithale-inikkum-1979,"Ninaithaale Inikkum","Ninaithale Inikkum",1979,1979,fuzzy_high,0.9,"transliteration_variant",MERGE_RECOMMENDED,100%,100%
movie,FUZZY_DUPLICATE,f87d9e1f-d024-4878-bd12-3db5d7155ed8,4c60b2ac-d395-4483-bee6-bb373e5aa25c,sati-savithri-1978,sati-savitri-1978,"Sati Savithri","Sati Savitri",1978,1978,fuzzy_high,0.9,"typo_or_spelling",MERGE_RECOMMENDED,100%,100%
movie,FUZZY_DUPLICATE,4ba29860-61d5-4b8c-b8e2-43a8f228d4c0,bbb0f807-3109-4339-8a28-5ba41a6ed16d,lawyer-vishwanath-1978,lawyer-viswanath-1978,"Lawyer Vishwanath","Lawyer Viswanath",1978,1978,fuzzy_high,0.9,"typo_or_spelling",MERGE_RECOMMENDED,100%,100%
movie,FUZZY_DUPLICATE,46a112fc-2832-4cd4-b3bc-4e9e7481dd70,b7aad561-d88c-44b1-bd47-7076d669d0b5,jeevana-teeralu-1977,jeevana-theeralu-1977,"Jeevana Teeralu","Jeevana Theeralu",1977,1977,fuzzy_high,0.9,"transliteration_variant",MERGE_RECOMMENDED,100%,100%
movie,FUZZY_DUPLICATE,e630cc69-7ade-4b0e-88df-8d29be5b75d2,17f6c2cb-f7a2-4781-a402-8429d5170d0a,seetha-kalyanam-1976,seeta-kalyanam-1976,"Seetha Kalyanam","Seeta Kalyanam",1976,1976,fuzzy_high,0.9,"transliteration_variant",MERGE_RECOMMENDED,100%,100%
movie,FUZZY_DUPLICATE,db8c82b3-67e6-47fd-80c9-12979c8123ff,24ba1e30-9491-429d-ba3f-d5f456e97bb5,manmatha-leelai-1976,manmadha-leelai-1976,"Manmatha Leelai","Manmadha Leelai",1976,1976,fuzzy_high,0.9,"transliteration_variant",MERGE_RECOMMENDED,100%,100%
movie,FUZZY_DUPLICATE,970856cb-f838-4e54-865b-a133c38423c8,68944261-a9f0-4213-bb25-2bf26ce35e47,mutyala-muggu-1975,muthyala-muggu-1975,"Mutyala Muggu","Muthyala Muggu",1975,1975,fuzzy_high,0.9,"typo_or_spelling",MERGE_RECOMMENDED,100%,100%
movie,FUZZY_DUPLICATE,474fe16f-04d7-4235-8ad5-27f402852518,0385ad91-4430-46b1-b5e4-38e89e70dd54,peddalu-marali-1974,peddalu-maarali-1974,"Peddalu Marali","Peddalu Maarali",1974,1974,fuzzy_high,0.9,"transliteration_variant",MERGE_RECOMMENDED,100%,100%
movie,FUZZY_DUPLICATE,ccc870ad-37f9-4157-9f1b-b95e62cc1761,d74eeb8a-4d66-42cb-a5e1-52daf32cc545,bhale-mosagadu-1972,bale-mosagadu-1972,"Bhale Mosagadu","Bale Mosagadu",1972,1972,fuzzy_high,0.9,"typo_or_spelling",MERGE_RECOMMENDED,100%,100%
movie,FUZZY_DUPLICATE,addcee73-0033-4686-8518-b6654927e4bb,9fb0306e-49c1-4465-9087-7182d5890f38,maa-nanna-nirdhoshi-1970,maa-nanna-nirdoshi-1970,"Maa Nanna Nirdhoshi","Maa Nanna Nirdoshi",1970,1970,fuzzy_high,0.9,"transliteration_variant",MERGE_RECOMMENDED,100%,100%
movie,FUZZY_DUPLICATE,8abd028e-ac8f-4476-8116-07ce369cdde2,5d98fdb3-4b6e-4037-a7ea-02794d6a00a4,sri-krishnavataram-1967,shri-krishnavataram-1967,"Sri Krishnavataram","Shri Krishnavataram",1967,1967,fuzzy_high,0.9,"typo_or_spelling",MERGE_RECOMMENDED,100%,100%
movie,FUZZY_DUPLICATE,b9765789-9acc-4122-b91c-34d6f9a29295,81627b8c-9770-4774-9c8c-52ec65e62bdf,palnati-yudham-1966,palnati-yuddham-1966,"Palnati Yudham","Palnati Yuddham",1966,1966,fuzzy_high,0.9,"typo_or_spelling",MERGE_RECOMMENDED,100%,100%
movie,FUZZY_DUPLICATE,037286a6-1f07-4a89-acb8-d0a07e8f1be7,9fbb1056-0a29-4d3c-b7bc-b20a2ef92274,thene-manasulu-1965,tene-manasulu-1965,"Thene Manasulu","Tene Manasulu",1965,1965,fuzzy_high,0.9,"typo_or_spelling",MERGE_RECOMMENDED,100%,100%
movie,FUZZY_DUPLICATE,203dab5b-f815-4cbd-a0fd-2f069fa029b3,d184bfff-a604-4a40-87fa-c5e99e6604f1,sri-krishnarjuna-yuddhamu-1963,sri-krishnarjuna-yudham-1963,"Sri Krishnarjuna Yuddhamu","Sri Krishnarjuna Yudham",1963,1963,fuzzy_high,0.9,"typo_or_spelling",MERGE_RECOMMENDED,100%,100%
movie,FUZZY_DUPLICATE,3ea051da-a952-4de7-801e-b28a62972507,97aec26f-f735-4dc8-91af-15d154c31483,lava-kusha-1963,lava-kusa-1963,"Lava Kusha","Lava Kusa",1963,1963,fuzzy_high,0.9,"typo_or_spelling",MERGE_RECOMMENDED,100%,100%
movie,FUZZY_DUPLICATE,666d9a1a-def4-4bbb-a7a7-5657738fbe10,c0fab7a3-9a1c-4d2f-aa37-c76ad62bcf7d,padandi-munduku-1962,padandi-mundhuku-1962,"Padandi Munduku","Padandi Mundhuku",1962,1962,fuzzy_high,0.9,"typo_or_spelling",MERGE_RECOMMENDED,100%,100%
movie,FUZZY_DUPLICATE,59be6310-4454-4dd0-9e5f-fc26a11673e4,af61a7a2-d24e-4dfb-a9eb-012c57d293c8,bharya-bharthalu-1961,bharya-bhartalu-1961,"Bharya Bharthalu","Bharya Bhartalu",1961,1961,fuzzy_high,0.9,"typo_or_spelling",MERGE_RECOMMENDED,100%,100%
movie,FUZZY_DUPLICATE,342f5382-2c8f-4926-9533-11e1a484b3d3,13deb818-89c4-4a02-8bcd-2714f4e19a53,vinayaka-chaviti-1957,vinayaka-chavithi-1957,"Vinayaka Chaviti","Vinayaka Chavithi",1957,1957,fuzzy_high,0.9,"typo_or_spelling",MERGE_RECOMMENDED,100%,100%
movie,FUZZY_DUPLICATE,d260c668-6b3f-49d4-ac63-44d7d5dc32a7,8892bf0a-d4fb-45c9-8cd6-5ca00fbdd80a,bratuku-teruvu-1953,bratuku-theruvu-1953,"Bratuku Teruvu","Bratuku Theruvu",1953,1953,fuzzy_high,0.9,"typo_or_spelling",MERGE_RECOMMENDED,100%,100%
movie,FUZZY_DUPLICATE,8e0b3ba1-f83f-4b24-9247-d0a9ac484ded,caa6c0db-66e8-4d30-ab19-15afae98ac99,pathala-bhairavi-1951,patala-bhairavi-1951,"Pathala Bhairavi","Patala Bhairavi",1951,1951,fuzzy_high,0.9,"transliteration_variant",MERGE_RECOMMENDED,100%,100%