Title (EN),Title (TE),Year,Director,Hero,Heroine,Music Director,Runtime (min),Genres,Synopsis,Missing Fields
"Anaganaga Oka Rowdy","","","Manu Yagnaa","Sumanth","No Female Lead","Mark K. Robin","","Action; Comedy","Anaganaga Oka Rowdy is an action-comedy film that likely revolves around the story of a rowdy or a t","runtime"
"Asuragana Rudra","","","Murali Katragadda","Naresh Agastya","Sangeerthana Vipin","Shekar Chandra","","Crime; Thriller","Asuragana Rudra is a crime thriller that follows the story of a young and ambitious detective, playe","runtime"
"Takshakudu","","","Vinod Anantoju","Anand Deverakonda","Nitanshi Goel","Midhun Mukundan","","Action; Drama","Takshakudu is an action-drama film that follows the story of a young protagonist, played by Anand De","runtime"
"Illicit Relationship","","","Rohit Penumatsa","Abhinay Kadiyala","Thanmai Bolt","Ravi Nidamarthy","","Drama","Illicit Relationship is a drama film that explores the complexities of a forbidden romance between t","runtime"
"Salaar: Part 2 - Shouryaanga Parvam","","","Prashanth Neel","Prabhas","Prithviraj Sukumaran","Ravi Basrur","","Action","Salaar: Part 2 - Shouryaanga Parvam is an action film that likely continues the story of the first p","runtime"
"Pushpa 3 - The Rampage","","","Sukumar","Allu Arjun","Rashmika Mandanna","Devi Sri Prasad","","Action; Crime; Thriller","Pushpa 3 - The Rampage is an action-packed thriller that follows the story of Pushpa, played by Allu","runtime"
"Vishwambhara","","","Malladi Vassishta","Chiranjeevi","Trisha Krishnan","M.M. Keeravaani","","Fantasy","Vishwambhara is a fantasy film that likely follows the journey of its protagonist, played by Chiranj","runtime"
"NTR Neel","","","Prashanth Neel","N.T. Rama Rao Jr.","Tovino Thomas","Ravi Basrur","","Action; Crime; Drama","NTR Neel is an action-packed crime drama that follows the story of a powerful and fearless individua","runtime"
"Anumana Pakshi","","","Vimal Krishna","Rag Mayur","Merin Philip","Sricharan Pakala","","Comedy; Drama","Anumana Pakshi is a comedy-drama film that revolves around the life of a young man, played by Rag Ma","runtime"
"Garividi Lakshmi","","","Gowri Naidu Jammu","Naresh","Anandhi","Charan Arjun","","Family; Drama","Garividi Lakshmi is a family drama that revolves around the life of Lakshmi, played by Anandhi, and ","runtime"
"Mirai Jaithraya","","","Karthik Ghattamaneni","Teja Sajja","Ritika Nayak","","","","Mirai Jaithraya is an upcoming Telugu film directed by Karthik Ghattamaneni, starring Teja Sajja and","runtime"
"Janakiram","","","Ram Prasad Ragutu","Nagendra Babu","Keerthy Suresh","Achu Rajamani","","Romance; Comedy; Action","Janakiram is a romance-comedy-action film that follows the story of Janakiram, played by Nagendra Ba","runtime"
"Comrade Kalyan","","","Janakiram Marella","Sree Vishnu","Mahima Nambiar","Vijai Bulganin","","Romance; Action; Drama","Comrade Kalyan is a romance, action, and drama film that revolves around the life of its protagonist","runtime"
"Arrtham","","","Thellaguti Manikanth","Mahendran","Shraddha Das","Harshavardhan Rameshwar","","Thriller; Action","Arrtham is a thriller action film that revolves around the story of a protagonist, played by Mahendr","runtime"
"Amaran in the City: Chapter 1","","","S. Balaveer","Aadi Saikumar","Avika Gor","Krishna Chaitanya","","","Amaran in the City: Chapter 1 follows the story of Amaran, played by Aadi Saikumar, as he navigates ","runtime"
"AA22xA6","","","Atlee","Allu Arjun","Deepika Padukone","Sai Abhyankkar","","Action; Science Fiction","AA22xA6 is an action-packed science fiction film directed by Atlee, starring Allu Arjun and Deepika ","runtime"
"Biker","","","Abhilash Kankara","Sharwanand","Malavika Nair","Ghibran","","Adventure; Drama","Biker is an adventure drama film that follows the story of a young biker, played by Sharwanand, who ","runtime"
"Abhiram","","","Ramakrishna Arjun","Prabhakar","Navami Gayak","Meenakshi Bhujang","","Romance; Comedy; Drama","Abhiram story revolves around the deserted child that grows in the orphan house discovers the mother","runtime"
"Kirathaka","","","Veerabhadram","Aadi Saikumar","Payal Rajput","Suresh Bobbili","","Crime; Thriller","Kirathaka is a crime thriller that follows the story of a young man, played by Aadi Saikumar, who ge","runtime"
"They Call Him OG 2","","","Sujeeth","Pawan Kalyan","No Female Lead","S. Thaman","","Thriller; Action","They Call Him OG 2 is an action-thriller film directed by Sujeeth, starring Pawan Kalyan as the lead","runtime"
"Sambarala Yetti Gattu","","","Rohith KP","Sai Durgha Tej","Aishwarya Lekshmi","B. Ajaneesh Loknath","","Action; Fantasy","Sambarala Yetti Gattu is an action-fantasy film that likely follows the journey of a young hero, pla","runtime"
"Maate Mantramu","","","Abhimanyu Baddi","Rahul Vijay","Megha Akash","Hari Gowra","","Romance; Comedy","The story of Maate Mantramu rotates around the life of Vasudhara, a straightforward young girl from ","runtime"
"Bad Boy Karthik","","","Ramesh","Naga Shaurya","Vidhi Yadav","Harris Jayaraj","","Action; Drama","Bad Boy Karthik is an action-drama film that revolves around the life of Karthik, played by Naga Sha","runtime"
"ENE Repeat","","","Tharun Bhascker","Vishwak Sen","No Female Lead","Vivek Sagar","","Comedy; Romance; Drama","ENE Repeat, directed by Tharun Bhascker, is a comedy-drama film starring Vishwak Sen, exploring them","runtime"
"Hey Bhagawan!","","","Gopi Atchara","Suhas","Shivani Nagaram","Vivek Sagar","","Comedy; Drama","Hey Bhagawan! is a comedy-drama film that follows the story of a young man, played by Suhas, who emb","runtime"
"Band Melam","","","Sathish Javvaji","Harsh Roshan","Sridevi Apalla","Vijai Bulganin","","Romance; Drama","Band Melam is a romance drama that revolves around the life of a young musician, played by Harsh Ros","runtime"
"Patta Pagalu","","","Ram Gopal Varma","Tanikella Bharani","Swati Dixit","","","Horror","Patta Pagalu is a horror film directed by Ram Gopal Varma, starring Tanikella Bharani and Swati Dixi","runtime"
"Mysaa","","","Rawindra Pulle","Guru Somasundaram","Rashmika Mandanna","Jakes Bejoy","","Action; Drama; Thriller","Unafraid of war and unwilling to stop until she finds that one answer. She carries no doubts. Only t","runtime"
"DQ 41","","","Ravi Nelakuditi","Dulquer Salmaan","Pooja Hegde","G. V. Prakash Kumar","","Romance; Drama","DQ 41 is a romance drama that follows the story of a young couple, played by Dulquer Salmaan and Poo","runtime"
"Reppa","","","Filmian","Suhas","Harshitha","Avtar","","Drama; Romance; Fantasy","Reppa is a drama, romance, and fantasy film that follows the story of a young man, played by Suhas, ","runtime"
"Kanchu Kaagada","","","A. Kodandarami Reddy","Krishna","Sridevi","K. Chakravarthy","","","Kanchu Kaagada is a movie that likely revolves around a story of love, family, and social issues, st","runtime"
"Vāranāsi","","","S. S. Rajamouli","Mahesh Babu","Priyanka Chopra Jonas","M.M. Keeravaani","","Adventure; Action; Science Fiction; Fantasy","Varanasi is a psychedelic and spiritual trip into the heart of northern India. From the labyrinthine","runtime"
"HaiLesso","","","Kota Prasanna Kumar","Sudigali Sudheer","Natasha Singh","Anudeep Dev","","Action; Drama","HaiLesso is an action-drama film that follows the story of a young man, played by Sudigali Sudheer, ","runtime"
"Haindava","","","Ludheer Byreddy","Bellamkonda Srinivas","Samyuktha","Leon James","","Action; Drama","Haindava is an action-drama film that follows the story of a young man, played by Bellamkonda Sriniv","runtime"
"VD14","","","Rahul Sankrityan","Vijay Deverakonda","Rashmika Mandanna","Ajay Gogavale","","Action; Thriller; Mystery","VD14 is an action-packed thriller that follows the story of a mysterious protagonist, played by Vija","runtime"
"Kalki 2898-AD: Part 2","","","Nag Ashwin","Amitabh Bachchan","Kamal Haasan","","","Action; Fantasy; Science Fiction","Kalki 2898-AD: Part 2 is set in a futuristic world where legendary figures from Indian mythology are","runtime"
"Vrushakarma","","","Karthik Varma Dandu","Naga Chaitanya Akkineni","Meenakshi Chaudhary","B. Ajaneesh Loknath","","Fantasy; Thriller","Vrushakarma is a fantasy thriller film that follows the story of a young man, played by Naga Chaitan","runtime"
"Oh..! Sukumari","","","Bharat Dharshan","Thiruveer Reddy","Aishwarya Rajesh","Bharath Manchiraju","","Comedy; Romance; Drama","Oh..! Sukumari is a comedy, romance, and drama film that likely revolves around the life of Sukumari","runtime"
"Maa Inti Bangaram","","","B. V. Nandini Reddy","Gulshan Devaiah","Samantha Ruth Prabhu","Santhosh Narayanan","","Action; Comedy; Thriller; Drama","Maa Inti Bangaram is an action-comedy thriller that follows the story of a young woman, played by Sa","runtime"
"Nagabandham","","","Abhishek Nama","Virat Karrna","Nabha Natesh","","","","Nagabandham is a Telugu film that likely revolves around a dramatic storyline, given the title's ref","runtime"
"Baahubali: the Eternal War - Part 1","","2027","Ishan Shukla","Prabhas","Ramya Krishnan","","","Animation; Action; Drama","The murdered Prince Baahubali enters the afterlife and joins an eternal war between gods and demons ","runtime"
"Swayambhu","","2026","Bharath Krishnamachari","Nikhil Siddhartha","Samyuktha","Ravi Basrur","","","Follows the story of an emperor who established a golden age in history.","runtime"
"Funky","","2026","Anudeep","Vishwak Sen","Kayadu Lohar","Bheems Ceciroleo","","Comedy; Romance; Drama","Funky, directed by Anudeep, is a comedy-romance drama that likely follows the story of a free-spirit","runtime"
"Om Shanti Shanti Shantihi","","2026","Sajeev AR","Tharun Bhascker","Eesha Rebba","Jay Krish","","Comedy","Om Shanti Shanti Shantihi is a comedy film that follows the story of a young man, played by Tharun B","runtime"
"Psych Siddhartha","","2026","Varun Reddy","Nandu Vijay Krishna","","Smaran Sai","120","Comedy; Romance","Psych Siddhartha is a comedy-romance film that follows the story of Siddhartha, played by Nandu Vija","heroine"
"The Paradise","","2026","Srikanth Odela","Nani","Sonali Kulkarni","Anirudh Ravichander","","Action; Thriller; Drama","The Paradise, directed by Srikanth Odela, is an action-thriller that follows the story of a protagon","runtime"
"Alcohol","","2026","Meher Tej","Allari Naresh","Ruhani Sharma","Ghibran","","Drama; Thriller","Alcohol is a drama thriller film that revolves around the life of a character played by Allari Nares","runtime"
"Itllu Arjuna","","2026","Mahesh Uppala","Aniesh","Anaswara Rajan","S. Thaman","","Action; Romance","Itllu Arjuna is an action-romance film that follows the story of Arjuna, played by Aniesh, as he nav","runtime"
"Seetha Payanam","","2026","Arjun Sarja","Niranjan Sudhindra","Aishwarya Arjun","Anup Rubens","","Romance","Seetha Payanam is a romance film that follows the journey of the lead characters, played by Niranjan","runtime"
"Aakasam Lo Oka Tara","","2026","Pavan Sadineni","Dulquer Salmaan","Ruhani Sharma","","","Drama","Aakasam Lo Oka Tara, directed by Pavan Sadineni, is a drama film that likely explores the life of it","runtime"
"Avinash Thiruveedhula","","2026","","","","","","","Avinash Thiruveedhula is an upcoming Telugu film that likely explores themes of family, relationship","director, hero, heroine, runtime"
"Bharat Krishnamachari","","2026","","","","","","","Bharat Krishnamachari is an upcoming Telugu film that likely revolves around the life of its titular","director, hero, heroine, runtime"
"Goodachari 2","","2026","Vinay Kumar Sirigineedi","Adivi Sesh","Banita Sandhu","Sricharan Pakala","","Action; Thriller","Goodachari 2 is an action-thriller film that follows the story of a secret agent, played by Adivi Se","runtime"
"Rowdy Janardhana","","2026","Ravikiran Kola","Vijay Deverakonda","Keerthy Suresh","Christo Xavier","","Action; Thriller; Drama","Rowdy Janardhana, directed by Ravikiran Kola, is an action-thriller that follows the story of Janard","runtime"
"Anaganaga Oka Raju","","2026","Maari","Naveen Polishetty","Meenakshi Chaudhary","Mickey J Meyer","","Romance; Comedy; Drama","Anaganaga Oka Raju is a romantic comedy-drama that follows the story of Raju, played by Naveen Polis","runtime"
"Rao Bahadur","","2026","Venkatesh Maha","Satyadev Kancharana","Deepa Thomas","Smaran Sai","","Thriller; Drama; Fantasy","Rao Bahadur is a psychological drama set against the backdrop of a fading aristocracy, Made in Telug","runtime"
"Ram Abbaraju","","2026","","","","","","","Ram Abbaraju is an upcoming Telugu film that likely revolves around the life of its titular characte","director, hero, heroine, runtime"
"VENDETTA-THE BEAST WITHIN","","2026","Satheesh Kumar G","srinivas","","AI MUSIC","30","Action; Thriller","In VENDETTA-THE BEAST WITHIN, an action-packed thriller directed by Satheesh Kumar G, the lead actor","heroine"
"Nilakanta","","2026","Rakesh Madhavan","Mahendran","Yashna Chowdary","Prashanth BJ","","","Nilakanta, directed by Rakesh Madhavan, is a movie that likely explores the life and journey of its ","runtime"
"Ustaad Bhagat Singh","","2026","Harish Shankar","Pawan Kalyan","Sreeleela","Devi Sri Prasad","","Action; Drama","Ustaad Bhagat Singh, directed by Harish Shankar, is an action-drama film starring Pawan Kalyan as th","runtime"
"Bhartha Mahasayulaku Wignyapthi","","2026","Kishore Tirumala","Ravi Teja","Ashika Ranganath","Bheems Ceciroleo","","Action; Family; Drama","Bhartha Mahasayulaku Wignyapthi, directed by Kishore Tirumala, is an action-packed family drama that","runtime"
"Vamsee Krishna Malla","","2026","","Ekaiva Homes Pvt. Ltd","","","","","Vamsee Krishna Malla is a historical drama that follows the life of Krishna Deva Raya, a prominent k","director, heroine, runtime"
"Mana Shankara Vara Prasad Garu","","2026","Anil Ravipudi","Chiranjeevi","Nayanthara","","","","Mana Shankara Vara Prasad Garu, directed by Anil Ravipudi, is likely a comedy or family drama film g","runtime"
"Dark Chocolate","","2026","Shashank Srivatsavaya","Vishwadev Rachakonda","Bindu Madhavi","","","Comedy; Thriller","Dark Chocolate is a comedy-thriller film that follows the story of a young man, played by Vishwadev ","runtime"
"Honey","","2026","Karuna Kumar","Naveen Chandra","Divya Pillai","Ajay Arasada","","Horror; Thriller","Honey is a horror thriller film that follows the story of a young couple, played by Naveen Chandra a","runtime"
"M. Purnanand","","2025","","","","","","","M. Purnanand is a forthcoming Telugu film set to release in 2025, with details about the plot and ch","director, hero, heroine, runtime"
"Thrinadh Katari","","2025","","","","","","","Thrinadh Katari is a forthcoming Telugu film set to release in 2025, with details about the plot and","director, hero, heroine, runtime"
"Phanindra Narsetti","","2025","Phanindra Narsetti","","","","","","Phanindra Narsetti is a 2025 film directed by Phanindra Narsetti, which appears to be a self-titled ","hero, heroine, runtime"
"Bad Girlz","","2025","","","","","","","Bad Girlz is a 2025 Telugu film that likely explores themes of female empowerment and self-discovery","director, hero, heroine, runtime"
"Lokkesh Ajls","","2025","","","","","","","Lokkesh Ajls is an upcoming Telugu film set to release in 2025, with details about the plot and char","director, hero, heroine, runtime"
"Bhaag!!","","2025","Pavan Koushik","Vinay","","Pavan kumar","36","Action; Drama; Crime","Bhaag!! is an action-packed crime drama that follows the story of the protagonist, played by Vinay, ","heroine"
"Veena Saraswathi","","2025","Kasha Dhanush","Kasha Saraswathi","","Kasha Dhanush","21","Drama","Veena Saraswathi is a drama film that revolves around the life of a young musician, played by Kasha ","heroine"
"B. Shivaprasad","","2025","","","","","","","B. Shivaprasad is a forthcoming Telugu film set to release in 2025, with details about the plot, cas","director, hero, heroine, runtime"
"Babji","","2025","","","","","","","Babji is an upcoming Telugu film set to release in 2025, with details about the plot and characters ","director, hero, heroine, runtime"
"Ratanrishi","","2025","","","","","","","Ratanrishi is a forthcoming Telugu film set to release in 2025, with details about the plot and char","director, hero, heroine, runtime"
"Singara Mohan","","2025","","","","","","","Singara Mohan is a forthcoming Telugu film set to release in 2025, with details about the plot and c","director, hero, heroine, runtime"
"Ugandhar Muni","","2025","","","","","","","Ugandhar Muni is a forthcoming Telugu film set to release in 2025, with details about the plot, cast","director, hero, heroine, runtime"
"Satish Vegesna","","2025","Satish Vegesna","","","","","","Satish Vegesna, a 2025 film directed by Satish Vegesna, appears to be a title that is actually the n","hero, heroine, runtime"
"Amardeep Challapalli","","2025","","","","","","","Amardeep Challapalli is a forthcoming Telugu film set to release in 2025, with details about the plo","director, hero, heroine, runtime"
"Mohan Srivatsa","","2025","","","","","","","Mohan Srivatsa is a forthcoming Telugu film set to release in 2025, with details about the plot and ","director, hero, heroine, runtime"
"Veeraaraju 1991","","2025","Ruudra Viraaj","Ajay Ghosh","","","120","Crime; Drama; Action","A brave fisherman fights a corrupt politician to defend his village on Nellore Sea Shore after coast","heroine"
"Amma Rajasekhar","","2025","","","","","","","Amma Rajasekhar is a Telugu film that likely revolves around a strong mother-son relationship, explo","director, hero, heroine, runtime"
"Relax Meera","","2025","Suhas Venigalla","Likitha Reddy","","Rohan Reddy","36","Thriller","Relax Meera, a thriller film directed by Suhas Venigalla, follows the story of a protagonist, played","heroine"
"Love Is in the Vamsham","","2025","Sathvik Tumu","Sathvik Tumu","","Swara Studios","36","Comedy; Family","Love Is in the Vamsham is a comedy-family film that revolves around the life of a young man, played ","heroine"
"Rajesh Chikile","","2025","","","","","","","Rajesh Chikile is a forthcoming Telugu film set to release in 2025, with details about the plot and ","director, hero, heroine, runtime"
"Men will be Men","","2025","Ramachandra Sai","Tarun Varma","","","14","Drama; Comedy; Action","Men will be Men, directed by Ramachandra Sai, is a drama-comedy-action film that explores the comple","heroine"
"AVADHI THE TALE OF LOVE","","2025","P.Ramsekhar","SS GANESH","","","15","Science Fiction; Drama","Avadhi: The Tale of Love is a science fiction drama that explores the complexities of human emotions","heroine"
"Implies that the film is multilingual and the gross collection figure includes the worldwide collection of the other simultaneously filmed version.","","2025","","","","","","","The 2025 film is a multilingual production with a worldwide release, suggesting a grand scale and di","director, hero, heroine, runtime"
"Gopi Galla Goa Trip","","2025","Camp Sasi","Camp Sasi","","Ravi Nidamarthy","105","Drama; Comedy","Two Gopis from a remote village called Gopalapuram plan a trip to Goa in the hopes of landing some G","heroine"
"Devender","","2025","","","","","","","Devender is an upcoming Telugu film set to release in 2025, with details about the plot and characte","director, hero, heroine, runtime"
"Arjun Chakravarthy: Journey of an Unsung Champion","","2025","Vikrant Rudra","Dayanand Reddy","","Vignesh Baskaran","141","Drama","Arjun Chakravarthy: Journey of an Unsung Champion is a drama film that tells the story of an underdo","heroine"
"Devaraj Bharani Dharan","","2025","","First Copy Movies","","","","","Devaraj Bharani Dharan is an upcoming Telugu film set to release in 2025, with First Copy Movies pla","director, heroine, runtime"
"Mahesh Babu P","","2025","","Mythri Movie Makers","","","","","Mahesh Babu P is an upcoming Telugu film starring Mahesh Babu, although the director and other key c","director, heroine, runtime"
"Hitman’s Holiday","","2025","Nithin Kannekanti","Saketh Reddy","","Nauteen","31","Action; Comedy","In 'Hitman's Holiday', Saketh Reddy plays a hitman who embarks on a journey that intertwines action ","heroine"
"Aryan Subhan","","2025","","","","","","","Aryan Subhan is an upcoming Telugu film that likely revolves around the life of its titular characte","director, hero, heroine, runtime"
"Kalyan Shankar","","2025","","","","","","","Kalyan Shankar is a forthcoming Telugu film set to release in 2025, with details about the plot and ","director, hero, heroine, runtime"
"V. Sreenivas","","2025","","","","","","","V. Sreenivas is a forthcoming Telugu film set to release in 2025, with details about the plot, cast,","director, hero, heroine, runtime"
"Dhanraj","","2025","","","","","","","Dhanraj is a forthcoming Telugu film set to release in 2025, with details about the plot and charact","director, hero, heroine, runtime"
"Bheem-a","","2025","Pawan Pamarthi","Pandu Kantheti","","","60","Crime; Drama","Bheem-a, a crime drama film, follows the story of a powerful and fearless individual, played by Pand","heroine"
"Rajashekar Raj","","2025","","","","","","","Rajashekar Raj is an upcoming Telugu film that likely revolves around the life of a powerful and inf","director, hero, heroine, runtime"
"Venkatesh Nimmalapudi","","2025","","","","","","","Venkatesh Nimmalapudi is a forthcoming Telugu film set to release in 2025, with details about the pl","director, hero, heroine, runtime"
"Madhan Dakshinamurthy","","2025","","","","","","","Madhan Dakshinamurthy is a forthcoming Telugu film set to release in 2025, with details about the pl","director, hero, heroine, runtime"
"Ocean With David Attenborough","","2025","Colin Butfield","David Attenborough","","","85","Documentary","David Attenborough takes viewers on a breathtaking journey showing there is nowhere more vital for o","heroine"
"Sunny-man","","2025","Sandeep Reddy Sama","Hanu Vihar","","Naren RK Siddhartha","","Drama; Family; Comedy","Sunny-man, directed by Sandeep Reddy Sama, is a drama-filled family comedy that revolves around the ","heroine, runtime"
"Flashlight","","2025","Siddharth","Gopi","","Gopal","2","Horror","Flashlight is a horror film directed by Siddharth, starring Gopi as the lead actor, where he navigat","heroine"
"Mithra Mandali","","2025","S. Vijayendar","Priyadarshi Pullikonda","","R. R. Dhruvan","136","Comedy; Romance","A group of misfit friends stumbles into chaos when one falls for a politician's headstrong daughter,","heroine"
"Lakshma Reddy Tumma","","2025","","AR Entertainments","","","","","Lakshma Reddy Tumma is a forthcoming Telugu film set to release in 2025, with AR Entertainments play","director, heroine, runtime"
"Break Out","","2025","Jang Hang-jun","Kim Seung-woo","Cha Seung-won","","","","Break Out, directed by Jang Hang-jun, appears to be an action-packed film starring Kim Seung-woo and","runtime"
"ALL THE BEST DILEEP","","2025","P.Ramsekhar","Saikumar NVK","","","15","","ALL THE BEST DILEEP is a 2025 Telugu film directed by P.Ramsekhar, starring Saikumar NVK as the lead","heroine"
"Kashi K","","2025","","","","","","","Kashi K is a forthcoming Telugu film set to release in 2025, with details about the plot and charact","director, hero, heroine, runtime"
"Praveen Kandregula","","2025","","","","","","","Praveen Kandregula is an upcoming Telugu film set to release in 2025, with details about the plot an","director, hero, heroine, runtime"
"Friday","","2025","Anand Karanam","Arjun Jawabnavis","","Nitish John","43","Drama","22 years after Tess and Anna endured an identity crisis, Anna now has a daughter and a soon-to-be st","heroine"
"Ramesh Plassi","","2025","","","","","","","Ramesh Plassi is a forthcoming Telugu film set to release in 2025, with details about the plot and c","director, hero, heroine, runtime"
"Sahanam","","2025","Gourav Madrikikar","Vineeta","","SK Adithya","32","Romance; Comedy; Drama","Sahanam is a romantic comedy-drama film that follows the life of Vineeta, the lead actor, as he navi","heroine"
"R. Narayana Murthy","","2025","","","","","","","R. Narayana Murthy is a biographical drama that explores the life and struggles of its titular chara","director, hero, heroine, runtime"
"Vinod Vijayan","","2025","","","","","","","Vinod Vijayan is a forthcoming Telugu film set to release in 2025, with details about the plot, char","director, hero, heroine, runtime"
"Super Raja","","2025","S","","","","","","Super Raja is an upcoming Telugu film directed by S, set to release in 2025. The movie's plot and ch","hero, heroine, runtime"
"Gaddam Ramana Reddy","","2025","","Rk Cinemas","","","","","Gaddam Ramana Reddy is a Telugu film that likely revolves around the life and struggles of its titul","director, heroine, runtime"
"Anaganaga Australia Lo","","2025","Taraka Rama","Saanya Bhatnagar","","","161","Thriller; Crime; Mystery","An Indian former Chief Minister (CM) receives a demanding call from Melbourne, Australia, requesting","heroine"
"Shashtipoorti","","2025","Pravan Prabha","Rajendra Prasad","Archana","Ilaiyaraaja","","Family; Drama; Comedy","Shashtipoorti is a family drama that revolves around the life of a middle-aged man, played by Rajend","runtime"
"Shutter : The Final Chapter","","2025","Akhilesh Chennadi","Rithvik Bhushanshetty","","","55","Thriller; Fantasy; Drama; Action","Shutter: The Final Chapter is a thriller that follows the story of a young protagonist, played by Ri","heroine"
"Jigris","","2025","Harish Reddy Uppula","Ram Nithin","","Syed Kamran","140","Comedy","Jigris is an upcoming 2025 film that revolves around four friends embarking on an unexpected road tr","heroine"
"Yenugu Thondam Ghatikachalam","","2025","Ravi Babu","","","","","","Yenugu Thondam Ghatikachalam, directed by Ravi Babu, is a 2025 Telugu film that appears to be a myst","hero, heroine, runtime"
"Jagamerigina Satyam","","2025","Tirupathi Pale","Avinash Varma","","Suresh Bobbili","141","Drama","In 1994, in the picturesque village of Dimda on the Telangana border, this is the gripping story of ","heroine"
"Vaamana","","2025","Shankar Raman S","Dhanveer Gowda","Reeshma Nanaiah","","","Action","Explores the emotions and lifestyles of ordinary people, with a compelling hero Guna pursuing vengea","runtime"
"Beauty","","2025","","Ankith Koyya","","","139","Family; Romance; Thriller","A father's world shatters when his daughter vanishes. His desperate search becomes a journey testing","director, heroine"
"P. Naveen Kumar","","2025","","Sevenhills Productions","","","","","P. Naveen Kumar is a forthcoming Telugu film scheduled for release in 2025, with production by Seven","director, heroine, runtime"
"Eesha","","2025","Srinivas Manne","Thrigun","Hebah Patel","R. R. Dhruvan","","Horror; Thriller","Eesha is a horror thriller film that revolves around the life of a young woman, played by Hebah Pate","runtime"
"Thalli Manasu","","2025","V Sreenivas","Kamal Kamaraju","","","148","Drama","Jyothi, a widow who raised her son alone after her husband Janakiram's tragic accident, devoted her ","heroine"
"LYF - Love Your Father","","2025","Pavan Ketharaju","Sri Harsha","Kashika Kapoor","Mani Sharma","","Romance; Action; Drama; Thriller","LYF - Love Your Father is a romance-action drama that revolves around the complex relationship betwe","runtime"
"Ranganaayaki","","2025","Camp Sasi","Camp Sasi","","","","","Ranganaayaki, directed by and starring Camp Sasi, appears to be a film that explores themes of ident","heroine, runtime"
"Mahavatar Narsimha","","2025","Ashwin Kumar","Harjeet Walia","","Sam C S","131","Animation; Action; Fantasy; Drama","The demon Hiranyakashyap seeks revenge on Vishnu and declares himself a god. His son Prahlad remains","heroine"
"Nooka Sahibu","","2025","","","","","","","Nooka Sahibu is a forthcoming Telugu film set to release in 2025, with details about the plot and ch","director, hero, heroine, runtime"
"Lovedale","","2025","Vinu Sridhar","Bagio George","","","106","Drama","Isha, an air hostess and model, joins photographer Ruben for a shoot at his iconic spot, Lovedale. A","heroine"
"Baapu","","2025","","","","","112","","A farming family seeks to escape their debts, believing one member's death may be the answer.","director, hero, heroine"
"Vidhrohi","","2025","","","","","","","A strict Intelligent and brave police officer Karthik knows about clue less series of rapes going on","director, hero, heroine, runtime"
"Pothugadda","","2025","Raksha Veeram","Aadukalam Naren","","Marcus.M","","","Pothugadda, directed by Raksha Veeram, is a 2025 film starring Aadukalam Naren in the lead role, and","heroine, runtime"
"Prasanna Kumar Devarapalli","","2025","","AR Entertainments","","","","","Prasanna Kumar Devarapalli is a forthcoming Telugu film set to release in 2025, with AR Entertainmen","director, heroine, runtime"
"Andhaka","","2025","Si Raa Re","Rathnappa reddy","","","10","Horror; Drama","Andhaka is a horror drama film that follows the story of a protagonist, played by Rathnappa Reddy, w","heroine"
"Anil Kumar Palla","","2025","","","","","","","Anil Kumar Palla is a forthcoming Telugu film set to release in 2025, with details about the plot an","director, hero, heroine, runtime"
"Coffee With A Killer","","2025","R. P. Patnaik","Temper Vamsi","","","101","Comedy; Thriller","A merciless contractor, hired for unlawful work, watches people from inside a café. Each occupied ta","heroine"
"Rahul Ravindran","","2025","","","","","","","Rahul Ravindran is a movie that appears to be named after a person, possibly the lead character, and","director, hero, heroine, runtime"
"Cmantham","","2025","Sudhakar Paani and produced by Prasanth Tata","","","","111","","A detective's relentless pursuit of a serial killer becomes a dangerous obsession as bodies multiply","hero, heroine"
"Anil Viswanath","","2025","","","","","","","Anil Viswanath is an upcoming Telugu film set to release in 2025, with details about the plot, chara","director, hero, heroine, runtime"
"Thug Life","","2025","Mani Ratnam","Kamal Haasan","Silambarasan","","","Action; Crime; Drama","In a world ruled by crime and betrayal, mafia kingpin Sakthivel and his brother Manikkam rescue a yo","runtime"
"Leleedhar Rao Kola","","2025","","L R Film Circuits","","","","","Leleedhar Rao Kola is a 2025 Telugu film that appears to be a biographical drama, possibly based on ","director, heroine, runtime"
"Kaalamega Karigindhi..?","","2025","Singara Mohan","Aswadh Chilukuri","","","110","","A Light, Heartwarming, and conflict-less film on School Nostalgia with a poetic touch in its narrati","heroine"
"Kothapallilo Okappudu","","2025","Praveena Paruchuri","Ravindra Vijay","","","123","Comedy; Drama","A man's search for a dancer after signing a village contract leads to chaos when locals misinterpret","heroine"
"Jigel","","2025","","Thrigun","Megha Chowdhury","","140","Romance; Comedy; Thriller; Action","Jigel is a romantic comedy thriller. The hero Nandu is an expert 'locker technician' who cracks anyl","director"
"Sai Mohan Ubbana","","2025","","AG Film Company","","","","","Sai Mohan Ubbana is an upcoming Telugu film set to release in 2025, with AG Film Company playing the","director, heroine, runtime"
"Ani I. V. Sasi","","2025","","","","","","","Ani I. V. Sasi is a mysterious title that suggests a potential biographical or tribute film to the r","director, hero, heroine, runtime"
"Sathvik","","2025","","","","","","","""World of Sathvik: The Galactic Repair,"" Sathvik and his friends from the Nuts and Bolts Club embark","director, hero, heroine, runtime"
"Lopaliki Ra Cheptha","","2025","Konda Venkata Rajendra","","","","","","Lopaliki Ra Cheptha, directed by Konda Venkata Rajendra, is a 2025 Telugu film that likely explores ","hero, heroine, runtime"
"Kanya Kumari","","2025","","Bhadram","Geeth Saini","","135","Drama; Romance","Kanya Kumari is a drama-romance film that follows the story of a young couple, played by Bhadram and","director"
"Diksuchi","","2025","Ankita Vemavarapu","Duvvuri Havisha","","Sukun","27","Comedy; Thriller; Mystery","Diksuchi is a comedy-thriller that follows the story of a young man, played by Duvvuri Havisha, who ","heroine"
"Bandi","","2025","Dharma","","","","129","Drama","Bandi, a drama film directed by Dharma, is expected to revolve around the life of its protagonist as","hero, heroine"
"Manmohan Menampalley","","2025","","","","","","","Manmohan Menampalley is a 2025 Telugu film that appears to be a character-driven story, possibly exp","director, hero, heroine, runtime"
"Jenuse Mohamed","","2025","","Dulquer Salmaan","Nithya Menen","","","","Jenuse Mohamed is a movie starring Dulquer Salmaan and Nithya Menen, likely a romantic drama or fami","director, runtime"
"Harish Reddy Uppula","","2025","","Mount Meru Pictures","","","","","Harish Reddy Uppula is an upcoming Telugu film set to release in 2025, with Mount Meru Pictures at t","director, heroine, runtime"
"Balu Gadi Love Story","","2025","L. Srinivaas Thej","","","","133","Drama","Carefree Balu dismisses love until meeting ambitious Keerthi. Their playful flirting evolves into co","hero, heroine"
"Raju Weds Rambai","","2025","Saailu Kaampati","Shivaji Raja","Anitha Chowdary","","","Drama; Romance; Comedy","Raju Weds Rambai is a drama, romance, and comedy film that revolves around the life of Raju, played ","runtime"
"Chandoo Mondeti","","2025","","","","","","","Chandoo Mondeti is an upcoming Telugu film set to release in 2025, however, due to the lack of infor","director, hero, heroine, runtime"
"SJ Shiva","","2025","","","","","","","SJ Shiva is an upcoming Telugu film set to release in 2025, with details about the plot and characte","director, hero, heroine, runtime"
"Arjun Chakravarthy","","2025","Vikrant Rudra","Dayanand Reddy","","Vignesh Baskaran","141","Drama","Journey of an Unsung Champion is an inspiring sports drama that chronicles the extraordinary life of","heroine"
"KSK Chaitanya","","2025","","","","","","","KSK Chaitanya is an upcoming Telugu film set to release in 2025, with details about the plot and cha","director, hero, heroine, runtime"
"Wife Off","","2025","Bhanu Yerubandi","Divyasree Gurugubelli","","Praneeth Namboori","80","Thriller; Mystery","In the thriller 'Wife Off', directed by Bhanu Yerubandi, Divyasree Gurugubelli plays a lead role tha","heroine"
"1000 Waala","","2025","Afzal Shaik","Suman","","","129","","1000 Waala Movie Is Good Love Story it's an action drama movie.","heroine"
"Murali Manohar","","2025","","","","","","","Murali Manohar is a forthcoming Telugu film set to release in 2025, with details about the plot and ","director, hero, heroine, runtime"
"The Devil's Chair","","2025","Ganga Saptasikhara","Adhire Abhi","","","102","","After losing his job and love, Vikram falls prey to the evil spirit Pundaksha. As darkness overtakes","heroine"
"Junior","","2025","","","","","151","Drama; Family","A young man's search for meaningful memories leads to a discovery that may transform his relationshi","director, hero, heroine"
"Bhanu Shankar","","2025","","","","","","","Bhanu Shankar is a forthcoming Telugu film set to release in 2025, with details about the plot and c","director, hero, heroine, runtime"
"Sai Rajesh Mahadev","","2025","","Suma Chitra Arts","","","","","Sai Rajesh Mahadev is an upcoming Telugu film set to release in 2025, with Suma Chitra Arts playing ","director, heroine, runtime"
"Naga Shiva","","2025","Ram Gopal Varma in his directoral debut and the film is produced by Akkineni Venkat and Yarlagadda Surendra under Annapurna Studios and S","","","","","","Naga Shiva, directed by Ram Gopal Varma, is likely a thriller or action film given the director's st","hero, heroine, runtime"
"Ram Prakash Gunnam","","2025","","S Rai Creations","","","","","Ram Prakash Gunnam is an upcoming Telugu film set to release in 2025, with S Rai Creations playing t","director, heroine, runtime"
"Summer breeze","","2025","Sirish meethal","vivek kuppili","","","9","Drama","The summer breeze blows through a field.","heroine"
"Bakasura Restaurant","","2025","SJ shiva","Praveen","","","158","Comedy; Horror","A wish of 5 youngsters leads them to unveil a supernatural force lurking beneath around them","heroine"
"N. Laxmi Nanda","","2024","","SMK Films","","","","","N. Laxmi Nanda is a forthcoming Telugu film scheduled for release in 2024, with SMK Films playing th","director, heroine, runtime"
"Razakar: The Silent Genocide of Hyderabad","","2024","Yaata Satyanarayana","Arav Chowdhary","Vedhika","Bheems Ceciroleo","","History; Drama","Razakar: The Silent Genocide of Hyderabad is a historical drama film that delves into the lesser-kno","runtime"
"Haddhu Ledhu Raa","","2024","Rajashekkar Raavi","","","","","","Haddhu Ledhu Raa, directed by Rajashekkar Raavi, is an upcoming Telugu film set to release in 2024. ","hero, heroine, runtime"
"Mallam Ramesh","","2024","","Kalarathna Movies","","","","","Mallam Ramesh is a forthcoming Telugu film that likely revolves around the life of its titular chara","director, heroine, runtime"
"Vikranth Srinivas","","2024","","Sri Tirumala TirupatiVenkateswara Films","","","","","Vikranth Srinivas is an upcoming Telugu film set to release in 2024, with Sri Tirumala Tirupati Venk","director, heroine, runtime"
"Rajesh Mudunuri","","2024","","Sivatri Films","","","","","Rajesh Mudunuri is an upcoming Telugu film set to release in 2024, with Sivatri Films playing the le","director, heroine, runtime"
"Osho Tulasiram","","2024","","Cult Concepts","","","","","Osho Tulasiram is a 2024 Telugu film that appears to be a biographical or philosophical drama, poten","director, heroine, runtime"
"Leela Vinodham","","2024","Pavan Sunkara","","","","","","Leela Vinodham, directed by Pavan Sunkara, appears to be a forthcoming Telugu film scheduled for rel","hero, heroine, runtime"
"Arjun Sai","","2024","","","","","","","Arjun Sai is an upcoming Telugu film that likely revolves around the life of a young man named Arjun","director, hero, heroine, runtime"
"Chimata Ramesh Babu","","2024","","Chimata Productions","","","","","Chimata Ramesh Babu is a forthcoming Telugu film scheduled for release in 2024. Although details abo","director, heroine, runtime"
"Gorre Puranam","","2024","Bobby","Suhas","","Pawan Ch","103","Drama; Comedy","Gorre Puranam is a drama-comedy film that likely revolves around the life of a young man, played by ","heroine"
"Makka Srinu","","2024","","Sai Hanuman Movie Makers","","","","","Makka Srinu is an upcoming Telugu film that likely revolves around the life of its titular character","director, heroine, runtime"
"Narayana Chenna","","2024","","BS Production HouseYellow Thoughts CreationsAR Talkies","","","","","Narayana Chenna is a forthcoming Telugu film set to release in 2024, with the story likely revolving","director, heroine, runtime"
"Children of WONDERS : A Song of Two Birds","","2024","Jafar Ahammad Shaik","Jafar Ahammad Shaik","","Adrian Von Ziegler","9","Fantasy; Family","Children of WONDERS: A Song of Two Birds is a fantasy family film that follows the journey of two yo","heroine"
"Gnanasagar Dwaraka","","2024","","Sree Subramanyeshwara Cinemas","","","","","Gnanasagar Dwaraka is a movie that likely explores spiritual or philosophical themes, given the titl","director, heroine, runtime"
"Aham Reboot","","2024","Prashanth Sagar Atluri","Sumanth","","Sriram Maddury","91","Thriller; Drama","Aham Reboot, directed by Prashanth Sagar Atluri, is a thriller drama that likely follows the story o","heroine"
"Dhruva Vaayu","","2024","","Big Hit Productions","","","","","Dhruva Vaayu is an upcoming Telugu film that likely explores themes of action, drama, or romance, gi","director, heroine, runtime"
"Vishwanath Prathap","","2024","","Aha","","","","","Vishwanath Prathap is an upcoming Telugu film starring Aha as the lead actor, with the plot and othe","director, heroine, runtime"
"Busa Kumar Yadav","","2024","","KY Films","","","","","Busa Kumar Yadav is a forthcoming Telugu film scheduled for release in 2024, with KY Films playing t","director, heroine, runtime"
"D. Naga Sasidhar Reddy","","2024","","Raising Hands Productions","","","","","D. Naga Sasidhar Reddy is an upcoming Telugu film scheduled for release in 2024, however, due to the","director, heroine, runtime"
"Muni Sahekara","","2024","","Teenasree Creations","","","","","Muni Sahekara is an upcoming Telugu film set to release in 2024, with Teenasree Creations playing th","director, heroine, runtime"
"Simbaa","","2024","Murali Manohar Reddy","Jagapati Babu","Anasuya Bharadwaj","Krishna Saurabh","","Mystery","Simbaa is a mystery film that follows the story of a complex character, potentially played by Jagapa","runtime"
"Sanjeev Megoti","","2024","","Lightouver Cinemusic","","","","","Sanjeev Megoti is an upcoming Telugu film set to release in 2024, starring Lightouver Cinemusic as t","director, heroine, runtime"
"Eashvar Karthic","","2024","","Old Town PicturesPadmaja Films","","","","","Eashvar Karthic is an upcoming Telugu film set to release in 2024, with the production houses Old To","director, heroine, runtime"