Date,Title,Year,Slug,TMDB ID,Director,Hero,Heroine,Has Poster,Has Genres,Published
2026-01-13,"Aakasa Ramanna",2010,"aakasa-ramanna-2010",1009916,"Ashok G.","Rajiv Kanakala","Meera Jasmine",Yes,Yes,Yes
2026-01-12,"Kannai Nambathe",2023,"kannai-nambathe-2023",904717,"Mu. Maran","Udhayanidhi Stalin","Aathmika",Yes,Yes,Yes
2026-01-12,"Kisi Ka Bhai... Kisi Ki Jaan",2023,"kisi-ka-bhai-kisi-ki-jaan-2023",966719,"Farhad Samji","Salman Khan","Pooja Hegde",Yes,Yes,Yes
2026-01-12,"'Salaar: Part 2 – Shouryanga Parvam",2023,"salaar-part-2-shouryanga-parvam-2023",,"","","",No,No,No
2026-01-12,"Nayanthara: Beyond the Fairy Tale",2024,"nayanthara-beyond-the-fairy-tale-2024",1382447,"Amith Krishnan","Vignesh Shivan","Nayanthara",Yes,Yes,Yes
2026-01-12,"Operation Laila",2024,"operation-laila-2024",1245864,"A. Venkatesh","Srikanth","Siddhika Sharma",Yes,Yes,Yes
2026-01-12,"Anandapuram Diaries",2024,"anandapuram-diaries-2024",1177652,"Jaya Jose Raj","Srikanth","Meena",Yes,Yes,Yes
2026-01-12,"Sabhaku Namaskaram",2026,"sabhaku-namaskaram-2026",14999790,"Sateesh Mallampati","Allari Naresh","",Yes,Yes,Yes
2026-01-12,"Anantha",2026,"anantha-2026",1608579,"Suresh Krissna","Jagapathi Babu","Suhasini Maniratnam",Yes,Yes,Yes
2026-01-12,"Ramayana: Part One",2026,"ramayana-part-one-2026",656908,"Nitesh Tiwari","Ranbir Kapoor","Sai Pallavi",Yes,Yes,Yes
2026-01-12,"Jwaala",1985,"jwaala-1985",,"","Chiranjeevi","",No,No,Yes
2026-01-12,"Brahmarshi Viswamitra",1991,"brahmarshi-viswamitra-1991",724073,"N.T. Rama Rao","N.T. Rama Rao","",Yes,No,Yes
2026-01-12,"Palanati Brahmanaidu",2003,"palanati-brahmanaidu-2003",,"","Nandamuri Balakrishna","",No,No,Yes
2026-01-12,"Yuvaratna Raana",1998,"yuvaratna-raana-1998",,"","Nandamuri Balakrishna","",Yes,No,Yes
2026-01-12,"Desoddarakudu",1986,"desoddarakudu-1986",,"","Nandamuri Balakrishna","",No,No,Yes
2026-01-12,"Seetarama Kalyanam",1986,"seetarama-kalyanam-1986",,"","Nandamuri Balakrishna","",No,No,Yes
2026-01-12,"Atmabhalam",1985,"atmabhalam-1985",,"","Nandamuri Balakrishna","",No,No,Yes
2026-01-12,"సుందరానికి తొందరెక్కువ",2006,"-2006",,"","","",No,No,No
2026-01-12,"Shubha Muhurtam",1983,"shubha-muhurtam-1983",,"","","",No,No,No
2026-01-12,"Gharana Gangulu",1981,"gharana-gangulu-1981",304239,"Katta Subba Rao","Sobhan Babu","",No,No,Yes
2026-01-12,"Kuttrapathirikai",2007,"kuttrapathirikai-2007",502069,"R K Selvamani","","",Yes,No,Yes
2026-01-12,"Parijatham",2006,"parijatham-2006",339978,"K. Bhagyaraj","","",Yes,No,Yes
2026-01-12,"Pasa Kiligal",2006,"pasa-kiligal-2006",279529,"P. Amirdhan","","",No,No,Yes
2026-01-12,"Maurya",2004,"maurya-2004",627192,"S. Narayan","","",Yes,No,Yes
2026-01-12,"Arasu",2003,"arasu-2003",78630,"AR. Suresh","","",Yes,No,Yes
2026-01-12,"Kottai Mariamman",2002,"kottai-mariamman-2002",,"","","",No,No,No
2026-01-12,"Malayali Mamanu Vanakkam",2002,"malayali-mamanu-vanakkam-2002",330022,"Rajasenan","","",Yes,No,Yes
2026-01-12,"Angala Parameswari",2002,"angala-parameswari-2002",,"","","",No,No,No
2026-01-12,"Kottai Mariamman",2001,"kottai-mariamman-2001",476941,"Rama Narayanan","","",Yes,No,Yes
2026-01-12,"Sonnal Thaan Kaadhala",2001,"sonnal-thaan-kaadhala-2001",263899,"T. Rajendar","","",No,No,Yes
2026-01-12,"Mitta Miraasu",2001,"mitta-miraasu-2001",1035203,"Mu Kalanjiyam","","",No,No,Yes
2026-01-12,"Thirunelveli",2000,"thirunelveli-2000",264173,"Bharathi Kannan","","",Yes,No,Yes
2026-01-12,"Sandhitha Velai",2000,"sandhitha-velai-2000",78471,"Ravichandran","","",No,No,Yes
2026-01-12,"Eazhaiyin Sirippil",2000,"eazhaiyin-sirippil-2000",280963,"K. Subash","","",Yes,No,Yes
2026-01-12,"Mugham",1999,"mugham-1999",535349,"Gnana Rajasekaran","","",No,No,Yes
2026-01-12,"Chinna Raja",1999,"chinna-raja-1999",78762,"Chitra Lakshmanan","","",No,No,Yes
2026-01-12,"Chinna Durai",1999,"chinna-durai-1999",78608,"Chandra R","","",Yes,No,Yes
2026-01-12,"Unnidathil Ennai Koduthen",1998,"unnidathil-ennai-koduthen-1998",78514,"Vikraman","","",Yes,No,Yes
2026-01-12,"En Aasai Rasave",1998,"en-aasai-rasave-1998",261831,"Kasthoori Raja","","",No,No,Yes
2026-01-12,"Kadavul",1997,"kadavul-1997",304733,"Velu Prabhakaran","","",No,No,Yes
2026-01-12,"Adimai Changili",1997,"adimai-changili-1997",326286,"R K Selvamani","","",Yes,No,Yes
2026-01-12,"Tamizh Selvan",1996,"tamizh-selvan-1996",78968,"Bharathiraja","","",No,No,Yes
2026-01-12,"Raja Muthirai",1995,"raja-muthirai-1995",,"","","",No,No,No
2026-01-12,"Makkal Aatchi",1995,"makkal-aatchi-1995",848411,"R K Selvamani","Mammootty","Roja Selvamani",Yes,Yes,Yes
2026-01-12,"Asuran",1995,"asuran-1995",623081,"Velu Prabhakaran","","",Yes,No,Yes
2026-01-12,"Shubha Lagnam",1994,"shubha-lagnam-1994",,"","","",No,No,No
2026-01-12,"Athiradi Padai",1994,"athiradi-padai-1994",,"","","",Yes,No,No
2026-01-12,"Indhu",1994,"indhu-1994",249447,"","","",Yes,No,No
2026-01-12,"Uzhaippali",1993,"uzhaippali-1993",66251,"P. Vasu","","",No,No,Yes
2026-01-12,"Chembaruthi",1992,"chembaruthi-1992",277872,"R K Selvamani","","",No,No,Yes
2026-01-12,"Jack & Daniel",2019,"jack-daniel-2019",635233,"S.L Puram Jayasurya","Dileep","Anju Kurian",Yes,Yes,Yes
2026-01-12,"Bujjigadu",2008,"bujjigadu-2008",117029,"Puri Jagannadh","Prabhas","Trisha Krishnan",Yes,Yes,Yes
2026-01-12,"IIFA Utsavam",2015,"iifa-utsavam-2015",,"","Prabhas","",No,No,Yes
2026-01-12,"Adipurush",2023,"adipurush-2023",734253,"Om Raut","Prabhas","Kriti Sanon",Yes,Yes,Yes
2026-01-12,"Adurs",2010,"adurs-2010",38677,"V. V. Vinayak","N. T. Rama Rao Jr","Nayanthara",Yes,Yes,Yes
2026-01-12,"Varakatnam",2007,"varakatnam-2007",,"","","",No,No,No
2026-01-12,"Ashwadhamavu",1979,"ashwadhamavu-1979",,"","","",No,No,No
2026-01-12,"Amar Deep",1979,"amar-deep-1979",377063,"","","",No,No,No
2026-01-12,"Chuzhi",1973,"chuzhi-1973",749898,"Triprayar Sukumaran","","",No,No,Yes
2026-01-12,"Varakatnam",1968,"varakatnam-1968",,"","","",No,No,No
2026-01-12,"Poojaikku Vandha Malar",1965,"poojaikku-vandha-malar-1965",,"","","",No,No,No
2026-01-12,"Thiruvilayadal",1965,"thiruvilayadal-1965",238169,"A. P. Nagarajan","","",No,No,Yes
2026-01-12,"Vallavanukku Vallavan",1965,"vallavanukku-vallavan-1965",1239759,"","","",No,No,No
2026-01-12,"Pandava Vanavasam",1965,"pandava-vanavasam-1965",86147,"Kamalakara Kameshwara Rao","","",No,No,Yes
2026-01-12,"Mooga Manasulu",1964,"mooga-manasulu-1964",,"","","",No,No,No
2026-01-12,"Kai Koduttha Dheivam",1964,"kai-koduttha-dheivam-1964",,"","","",No,No,No
2026-01-12,"Ganga Ki Lahren",1964,"ganga-ki-lahren-1964",306154,"","","",No,No,No
2026-01-12,"Apne Huye Paraye",1964,"apne-huye-paraye-1964",1118179,"Ajit Chakrabarty","","",No,No,Yes
2026-01-12,"Karpagam",1963,"karpagam-1963",262333,"K. S. Gopalakrishnan","","",No,No,Yes
2026-01-12,"Paarthaal Pasi Theerum",1962,"paarthaal-pasi-theerum-1962",,"","","",No,No,No
2026-01-12,"Nartanasala",1962,"nartanasala-1962",,"","","",No,No,No
2026-01-12,"Pava Mannippu",1961,"pava-mannippu-1961",312490,"A. Bhimsingh","","",No,No,Yes
2026-01-12,"Pasamalar",1961,"pasamalar-1961",261849,"A. Bhimsingh","","",No,No,Yes
2026-01-12,"Sri Venkateswara Mahatyam",1960,"sri-venkateswara-mahatyam-1960",281862,"P. Pullaiah","","",No,No,Yes
2026-01-12,"Kuravanji",1960,"kuravanji-1960",,"","","",No,No,No
2026-01-12,"Kalathur Kannamma",1960,"kalathur-kannamma-1960",66434,"A. Bhimsingh","","",No,No,Yes
2026-01-12,"Padhi Bhakti",1958,"padhi-bhakti-1958",,"","","",No,No,No
2026-01-12,"Kaathavaraayan",1958,"kaathavaraayan-1958",,"","","",No,No,No
2026-01-12,"Annaiyin Aanai",1958,"annaiyin-aanai-1958",757971,"Chitrapu Narayana Rao","","",No,No,Yes
2026-01-12,"Pathini Deivam",1957,"pathini-deivam-1957",,"","","",No,No,No
2026-01-12,"Vanangamudi",1957,"vanangamudi-1957",,"","","",No,No,No
2026-01-12,"Pennin Perumai",1956,"pennin-perumai-1956",261785,"P. Pullaiah","","",No,No,Yes
2026-01-12,"Bratuku Theruvu",1953,"bratuku-theruvu-1953",307324,"","","",No,No,No
2026-01-12,"Shanti",1952,"shanti-1952",,"","","",No,No,No
2026-01-12,"Adarsham",1952,"adarsham-1952",,"","","",No,No,No
2026-01-12,"Patala Bhairavi",1951,"patala-bhairavi-1951",89838,"Kadri Venkata Reddy","","",No,No,Yes
2026-01-12,"Daughters' Destiny",2007,"daughters-destiny-2007",486057,"May Gauffin","Savitri","Thuli Maya",No,Yes,Yes
2026-01-12,"Vedhalam",2015,"vedhalam-2015",362150,"Siva","Ajith Kumar","Shruti Haasan",Yes,Yes,Yes
2026-01-12,"Ramaiya Vasta Vaiya",2013,"ramaiya-vasta-vaiya-2013",,"","","",Yes,No,No
2026-01-12,"The Power",2021,"the-power-2021",784167,"Mahesh Manjrekar","Shruti Haasan","Shruti Haasan",Yes,Yes,Yes
2026-01-12,"Putham Pudhu Kaalai",2020,"putham-pudhu-kaalai-2020",749032,"Sudha Kongara Prasad","","",Yes,Yes,Yes
2026-01-12,"Yaara",2020,"yaara-2020",720796,"Tigmanshu Dhulia","Vidyut Jammwal","Shruti Haasan",Yes,Yes,Yes
2026-01-12,"Devi",2020,"devi-2020",679994,"Priyanka Banerjee","Shruti Haasan","Kajol",Yes,Yes,Yes
2026-01-12,"Behen Hogi Teri",2017,"behen-hogi-teri-2017",454769,"Ajay K Pannanlal","Shruti Haasan","Shruti Haasan",Yes,Yes,Yes
2026-01-12,"Welcome Back",2015,"welcome-back-2015",357563,"Anees Bazmee","Shruti Haasan","Shruti Haasan",Yes,Yes,Yes
2026-01-12,"Poojai",2014,"poojai-2014",297125,"Hari","Shruti Haasan","Shruti Haasan",Yes,Yes,Yes
2026-01-12,"The Eye",2023,"the-eye-2023",1192906,"Daphne Schmon","Mark Rowley","Shruti Haasan",Yes,Yes,Yes
2026-01-12,"Ramaiya Vastavaiya",2013,"ramaiya-vastavaiya-2013",208036,"Prabhu Deva","Girish Kumar","Shruti Haasan",Yes,Yes,Yes
2026-01-12,"Dil Toh Baccha Hai Ji",2011,"dil-toh-baccha-hai-ji-2011",55386,"Madhur Bhandarkar","","",Yes,Yes,Yes
2026-01-12,"Luck",2009,"luck-2009",20290,"Soham Shah","","",Yes,Yes,Yes
2026-01-12,"Bhagmati",2018,"bhagmati-2018",485789,"Ashok G.","Jayaram","Anushka Shetty",Yes,Yes,Yes
2026-01-12,"Well, If You Know Me",2015,"well-if-you-know-me-2015",,"","","",No,No,No
2026-01-12,"Lakshyam",1993,"lakshyam-1993",,"","","",No,No,No
2026-01-12,"Saguni",2012,"saguni-2012",67635,"Shankar Dayal.N","","",Yes,Yes,Yes
2026-01-12,"N.T.R: Kathanayakudu",2019,"n-t-r-kathanayakudu-2019",568522,"Radha Krishna Jagarlamudi","","",Yes,Yes,Yes
2026-01-12,"Bhaagamathie",2018,"bhaagamathie-2018",485789,"Ashok G.","Anushka Shetty","Anushka Shetty",Yes,Yes,Yes
2026-01-12,"Inji Iduppazhagi",2015,"inji-iduppazhagi-2015",357708,"Prakash Kovelamudi","Anushka Shetty","Anushka Shetty",Yes,Yes,Yes
2026-01-12,"Alex Pandian",2013,"alex-pandian-2013",155491,"Suraj","Karthi","Anushka Shetty",Yes,Yes,Yes
2026-01-12,"Rendu",2006,"rendu-2006",69583,"Sundar C","Anushka Shetty","Anushka Shetty",Yes,Yes,Yes
2026-01-12,"Irandam Ulagam",2013,"irandam-ulagam-2013",69510,"Selvaraghavan","Arya","Anushka Shetty",Yes,Yes,Yes
2026-01-12,"Vaanam",2011,"vaanam-2011",66207,"Radha Krishna Jagarlamudi","Anushka Shetty","Anushka Shetty",Yes,Yes,Yes
2026-01-12,"Modern Masters: SS Rajamouli",2024,"modern-masters-ss-rajamouli-2024",1313130,"Raghav Khanna","S. S. Rajamouli","James Cameron",Yes,Yes,Yes
2026-01-12,"Zanjeer",2013,"zanjeer-2013",218898,"Apoorva Lakhia","Ram Charan","Priyanka Chopra Jonas",Yes,Yes,Yes
2026-01-12,"Police officer",2019,"police-officer-2019",,"","Manchu Manoj","Isamu Kosugi",Yes,No,Yes
2026-01-12,"Pandavulu Pandavulu Tummeda",2014,"pandavulu-pandavulu-tummeda-2014",253047,"who didn","Manchu Manoj","Manoj Manchu",Yes,No,Yes
2026-01-12,"Operation 2019",2018,"operation-2019-2018",791058,"Karanam P. Babji","Manchu Manoj","Manchu Manoj",Yes,No,Yes
2026-01-12,"Ranveer Ching Returns",2016,"ranveer-ching-returns-2016",,"","","",Yes,No,No
2026-01-12,"Entertainment",2014,"entertainment-2014",1432531,"Kanta Tagawa","Kinzō Sakura","",Yes,Yes,Yes
2026-01-12,"Thadaka",2013,"thadaka-2013",,"","","",Yes,No,No
2026-01-12,"Badrinadh",2011,"badrinadh-2011",,"","","",No,No,No
2026-01-12,"Kalloori",2007,"kalloori-2007",137888,"Balaji Sakthivel","Kalloori Vinoth","Tamannaah Bhatia",Yes,Yes,Yes
2026-01-12,"Sree",2005,"sree-2005",283418,"Mitr Chaibancha","Mitr Chaibancha","Petchara Chaowarat",Yes,Yes,Yes
2026-01-12,"O'Romeo",2026,"o-romeo-2026",1275574,"Vishal Bhardwaj","Shahid Kapoor","Triptii Dimri",Yes,Yes,Yes
2026-01-12,"Ranger",2026,"ranger-2026",1389146,"Jagan Shakti","Ajay Devgn","Tamannaah Bhatia",No,Yes,Yes
2026-01-12,"Sikandar Ka Muqaddar",2024,"sikandar-ka-muqaddar-2024",1252470,"Neeraj Pandey","Jimmy Shergill","Tamannaah Bhatia",Yes,Yes,Yes
2026-01-12,"Action",2019,"action-2019",623364,"Sundar C","Tamannaah Bhatia","Tamannaah Bhatia",Yes,Yes,Yes
2026-01-12,"Petromax",2019,"petromax-2019",616896,"Rohin Venkatesan","Tamannaah Bhatia","Tamannaah Bhatia",Yes,Yes,Yes
2026-01-12,"Chand Sa Roshan Chehra",2005,"chand-sa-roshan-chehra-2005",586077,"Shabah Shamsi","Tamannaah Bhatia","Tamannaah Bhatia",Yes,Yes,Yes
2026-01-12,"Devi 2",2019,"devi-2-2019",584795,"A. L. Vijay","Tamannaah Bhatia","Tamannaah Bhatia",Yes,Yes,Yes
2026-01-12,"Aa Bb Kk",2018,"aa-bb-kk-2018",576466,"Ramkumar Gorakhanath Shedge","Tamannaah Bhatia","Tamannaah Bhatia",Yes,Yes,Yes
2026-01-12,"Kanne Kalaimaane",2019,"kanne-kalaimaane-2019",530957,"Seenu Ramasamy","Tamannaah Bhatia","Tamannaah Bhatia",Yes,Yes,Yes
2026-01-12,"Khamoshi",2019,"khamoshi-2019",496028,"Chakri Toleti","Tamannaah Bhatia","Tamannaah Bhatia",Yes,Yes,Yes
2026-01-12,"Sketch",2018,"sketch-2018",453068,"Vijay Chandar","Tamannaah Bhatia","Tamannaah Bhatia",Yes,Yes,Yes
2026-01-12,"Netru Indru Naalai",2008,"netru-indru-naalai-2008",1324933,"Lakshmikanth Chenna","Tamannaah Bhatia","Rekha Vedavyas",Yes,No,Yes
2026-01-12,"Anbanavan Asaradhavan Adangadhavan",2017,"anbanavan-asaradhavan-adangadhavan-2017",420055,"Adhik Ravichandran","Tamannaah Bhatia","Shriya Saran",Yes,Yes,Yes
2026-01-12,"Devi(L)",2016,"devi-l-2016",408475,"A. L. Vijay","Tamannaah Bhatia","Tamannaah Bhatia",Yes,Yes,Yes
2026-01-12,"Vasuvum Saravananum Onna Padichavanga",2015,"vasuvum-saravananum-onna-padichavanga-2015",352113,"M. Rajesh","Tamannaah Bhatia","Tamannaah Bhatia",Yes,Yes,Yes
2026-01-12,"Ananda Thandavam",2009,"ananda-thandavam-2009",323152,"Gandhi Krishna","Siddharth Venugopal","Tamannaah Bhatia",Yes,Yes,Yes
2026-01-12,"Bandra",2023,"bandra-2023",1013057,"Arun Gopy","","Tamannaah Bhatia",Yes,Yes,Yes
2026-01-12,"Plan A Plan B",2022,"plan-a-plan-b-2022",1018220,"Shashanka Ghosh","","Tamannaah Bhatia",Yes,Yes,Yes
2026-01-12,"Babli Bouncer",2022,"babli-bouncer-2022",1002082,"Madhur Bhandarkar","Sahil Vaid","Tamannaah Bhatia",Yes,Yes,Yes
2026-01-12,"It's Entertainment",2014,"it-s-entertainment-2014",278347,"Farhad Samji","Akshay Kumar","Tamannaah Bhatia",Yes,Yes,Yes
2026-01-12,"Humshakals",2014,"humshakals-2014",273505,"Sajid Khan","","",Yes,Yes,Yes
2026-01-12,"Kedi",2006,"kedi-2006",224609,"Jyothi Krishna","Tamannaah Bhatia","Tamannaah Bhatia",Yes,Yes,Yes
2026-01-12,"Kaloori",2007,"kaloori-2007",137888,"Balaji Sakthivel","Tamannaah Bhatia","Tamannaah Bhatia",Yes,Yes,Yes
2026-01-12,"Himmatwala",2013,"himmatwala-2013",180680,"Sajid Khan","Ajay Devgn","Tamannaah Bhatia",Yes,Yes,Yes
2026-01-12,"Vedaa",2024,"vedaa-2024",1148486,"Nikkhil Advani","John Abraham","Sharvari Wagh",Yes,Yes,Yes
2026-01-12,"Aranmanai 4",2024,"aranmanai-4-2024",1140905,"Sundar C","Sundar C","Tamannaah Bhatia",Yes,Yes,Yes
2026-01-12,"Viyabari",2007,"viyabari-2007",77097,"Sakthi Chidambaram","Tamannaah Bhatia","Tamannaah Bhatia",Yes,Yes,Yes
2026-01-12,"Lust Stories 2",2023,"lust-stories-2-2023",1136736,"Konkona Sen Sharma","Tamannaah Bhatia","Neena Gupta",Yes,Yes,Yes
2026-01-12,"Padikathavan",2009,"padikathavan-2009",69513,"Suraj","Tamannaah Bhatia","Tamannaah Bhatia",Yes,Yes,Yes
2026-01-12,"Venghai",2011,"venghai-2011",69509,"Hari","Tamannaah Bhatia","Tamannaah Bhatia",Yes,Yes,Yes
2026-01-12,"Kanden Kadhalai",2009,"kanden-kadhalai-2009",66226,"R. Kannan","Tamannaah Bhatia","Tamannaah Bhatia",Yes,Yes,Yes
2026-01-12,"Thillalangadi",2010,"thillalangadi-2010",63812,"Mohan Raja","Tamannaah Bhatia","Tamannaah Bhatia",Yes,Yes,Yes
2026-01-12,"Sikandar",2025,"sikandar-2025",1257960,"A. R. Murugadoss","Salman Khan","Rashmika Mandanna",Yes,Yes,Yes
2026-01-12,"Mumbai Saga",2021,"mumbai-saga-2021",608746,"Sanjay Gupta","","",Yes,Yes,Yes
2026-01-12,"Kyun! Ho Gaya Na...",2004,"kyun-ho-gaya-na-2004",19491,"Samir Karnik","","",Yes,Yes,Yes
2026-01-12,"Do Lafzon Ki Kahani",2016,"do-lafzon-ki-kahani-2016",391766,"Deepak Tijori","Kajal Aggarwal","Kajal Aggarwal",Yes,Yes,Yes
2026-01-12,"Kavalai Vendam",2016,"kavalai-vendam-2016",371810,"Deekay","Jiiva","Kajal Aggarwal",Yes,Yes,Yes
2026-01-12,"Paayum Puli",2015,"paayum-puli-2015",340829,"Suseenthiran","Kajal Aggarwal","Kajal Aggarwal",Yes,Yes,Yes
2026-01-12,"Ghosty",2023,"ghosty-2023",1043199,"Kalyaan","Yogi Babu","Kajal Aggarwal",Yes,Yes,Yes
2026-01-12,"All in All Azhagu Raja",2013,"all-in-all-azhagu-raja-2013",233015,"M. Rajesh","Kajal Aggarwal","Kajal Aggarwal",Yes,Yes,Yes
2026-01-12,"Modhi Vilayadu",2009,"modhi-vilayadu-2009",111578,"Saran","","",Yes,Yes,Yes
2026-01-12,"Bommalattam",2008,"bommalattam-2008",66500,"Bharathiraja","","",Yes,Yes,Yes
2026-01-12,"Pazhani",2008,"pazhani-2008",66230,"Perarasu","Bharath Srinivasan","Kajal Aggarwal",Yes,Yes,Yes
2026-01-12,"Karungaapiyam",2023,"karungaapiyam-2023",1090518,"Deekay","Kalaiyarasan","Kajal Aggarwal",Yes,Yes,Yes
2026-01-12,"Devata",1982,"devata-1982",,"","","",No,No,No
2026-01-12,"Andaru Dongale",1974,"andaru-dongale-1974",,"","","",No,No,No
2026-01-12,"Sharada",1973,"sharada-1973",,"","","",No,No,No
2026-01-12,"Amma Mata",1972,"amma-mata-1972",,"","","",No,No,No
2026-01-12,"Iddaru Ammayilu",1972,"iddaru-ammayilu-1972",307469,"","","",No,No,No
2026-01-12,"Kalyana Mandapam",1971,"kalyana-mandapam-1971",,"","","",No,No,No
2026-01-12,"Shri Krishnavataram",1967,"shri-krishnavataram-1967",,"","","",No,No,No
2026-01-12,"Poola Rangadu",1967,"poola-rangadu-1967",,"","","",No,No,No
2026-01-12,"Shri Krishna Pandaviyam",1966,"shri-krishna-pandaviyam-1966",,"","","",No,No,No
2026-01-12,"Bangaru Panjaram",1965,"bangaru-panjaram-1965",,"","","",No,No,No
2026-01-12,"Lava Kusha",1963,"lava-kusha-1963",183167,"Chittajalu Pullayya","","",No,No,Yes
2026-01-12,"Sattam Oru Sathurangam",1988,"sattam-oru-sathurangam-1988",234218,"Murali Mohan","","",No,No,Yes
2026-01-12,"Jagath Kantrilu",1971,"jagath-kantrilu-1971",997899,"Lakshmi Deepak P","Sobhan Babu","Prabhakar Reddy",No,No,Yes
2026-01-12,"Doshi Nirdoshi",1990,"doshi-nirdoshi-1990",1133839,"Y Nageswara Rao","Sobhan Babu","Lissy",No,No,Yes
2026-01-12,"N.T.R: Kathanayukudu",2019,"n-t-r-kathanayukudu-2019",,"","","",No,No,No
2026-01-12,"Panduranga",2008,"panduranga-2008",280323,"K Raghavendra Rao","Nandamuri Balakrishna","Sneha",Yes,Yes,Yes
2026-01-12,"Chennakeshava Reddy",2002,"chennakeshava-reddy-2002",,"","","",No,No,No
2026-01-12,"Shri Krishnarjuna Vijayam",1996,"shri-krishnarjuna-vijayam-1996",,"","","",No,No,No
2026-01-12,"Maato Pettukoku",1995,"maato-pettukoku-1995",,"","","",Yes,No,No
2026-01-12,"Sita Rama Kalyanam",1986,"sita-rama-kalyanam-1986",,"","","",No,No,No
2026-01-12,"Kattula Kondaiah",1985,"kattula-kondaiah-1985",,"","Nandamuri Balakrishna","",No,No,Yes
2026-01-12,"Mangammagari Manavadu",1984,"mangammagari-manavadu-1984",280375,"Kodi Ramakrishna","","",No,No,Yes
2026-01-12,"President Gari Abbayi",1987,"president-gari-abbayi-1987",,"","Nandamuri Balakrishna","",No,No,Yes
2026-01-12,"Rakthabishekam",1988,"rakthabishekam-1988",782495,"A. Kodandarami Reddy","Nandamuri Balakrishna","",Yes,No,Yes
2026-01-12,"Allari Krishnaiah",1987,"allari-krishnaiah-1987",695894,"Nandamuri Ramesh","Nandamuri Balakrishna","",No,No,Yes
2026-01-12,"Anasuyamma Gari Alludu",1986,"anasuyamma-gari-alludu-1986",695754,"A. Kodandarami Reddy","Nandamuri Balakrishna","",No,No,Yes
2026-01-12,"Kaliyuga Sthree",1978,"kaliyuga-sthree-1978",988196,"Parvataneni Sambasiva Rao","","",No,No,Yes
2026-01-12,"I Am That Change",2014,"i-am-that-change-2014",287477,"Sukumar","Allu Arjun","",Yes,Yes,Yes
2026-01-12,"Avunu Valliddaru Ista Paddaru!",2002,"avunu-valliddaru-ista-paddaru-2002",80923,"Vamsy","Ravi Teja","Kaveri",Yes,Yes,Yes
2026-01-12,"Neninthe",2010,"neninthe-2010",,"Puri Jagannadh","Ravi Teja","Siya Gautham",No,No,Yes
2026-01-12,"Manasichanu",2000,"manasichanu-2000",1511522,"Pramod Kumar","Ravi Teja","",Yes,Yes,Yes
2026-01-12,"Ghutan",2007,"ghutan-2007",482203,"Shyam Ramsay","","",Yes,Yes,Yes
2026-01-12,"Best Actor in a Negative Role",2017,"best-actor-in-a-negative-role-2017",,"","Jagapathi Babu","",No,No,Yes
2026-01-12,"Best Supporting Actor",2016,"best-supporting-actor-2016",,"","Jagapathi Babu","Sakuntala Teinpairoj",No,No,Yes
2026-01-12,"Best Actor in a Negative Role (Tamil)",2021,"best-actor-in-a-negative-role-tamil-2021",,"","Jagapathi Babu","",No,No,Yes
2026-01-12,"Best Actor in a Negative Role (Malayalam)",2016,"best-actor-in-a-negative-role-malayalam-2016",,"","Jagapathi Babu","",No,No,Yes
2026-01-12,"Special Jury Award",2016,"special-jury-award-2016",,"","Jagapathi Babu","",No,No,Yes
2026-01-12,"Maharshi",2021,"maharshi-2021",1264753,"Simon Rilling","Jagapathi Babu","Shanti Priya",Yes,No,Yes
2026-01-12,"Rangasthalam",2019,"rangasthalam-2019",,"Sukumar","Jagapathi Babu","Aadhi Pinisetty",Yes,No,Yes
2026-01-12,"Best Actor in a Negative Role (Telugu)",2014,"best-actor-in-a-negative-role-telugu-2014",,"","Jagapathi Babu","",No,No,Yes
2026-01-12,"Best Villain",2014,"best-villain-2014",,"","Jagapathi Babu","",No,No,Yes
2026-01-12,"Best Supporting Actor",2007,"best-supporting-actor-2007",,"","Jagapathi Babu","Sakuntala Teinpairoj",No,No,Yes
2026-01-12,"Best Actor",2000,"best-actor-2000",,"","Jagapathi Babu","",No,No,Yes
2026-01-12,"Best Supporting Actor",1998,"best-supporting-actor-1998",,"","Jagapathi Babu","",No,No,Yes
2026-01-12,"Best Actor",1993,"best-actor-1993",,"","Jagapathi Babu","",No,No,Yes
2026-01-12,"Special Jury Award",1989,"special-jury-award-1989",,"","Jagapathi Babu","",No,No,Yes
2026-01-12,"Best Supporting Actor – Telugu",2005,"best-supporting-actor-telugu-2005",,"","Jagapathi Babu","",No,No,Yes
2026-01-12,"Elumale",2025,"elumale-2025",1531329,"Punit Rangaswamy","Jagapathi Babu","Priyanka Achar",Yes,Yes,Yes
2026-01-12,"Jaat",2025,"jaat-2025",1306845,"Gopichand Malineni","Sunny Deol","Saiyami Kher",Yes,Yes,Yes
2026-01-12,"Hero",2022,"hero-2022",852357,"Sriram Adittya","Jagapathi Babu","Nidhhi Agerwal",Yes,Yes,Yes
2026-01-12,"Annaatthe",2021,"annaatthe-2021",752961,"Siva","Jagapathi Babu","Keerthy Suresh",Yes,Yes,Yes
2026-01-12,"Roberrt",2021,"roberrt-2021",673779,"Tharun Sudhir","Jagapathi Babu","Sonal Monteiro",Yes,Yes,Yes
2026-01-12,"Laabam",2021,"laabam-2021",613713,"S. P. Jananathan","Jagapathi Babu","Shruti Haasan",Yes,Yes,Yes
2026-01-12,"Madura Raja",2019,"madura-raja-2019",569104,"Vysakh","","",Yes,Yes,Yes
2026-01-12,"Kaththi Sandai",2016,"kaththi-sandai-2016",410480,"Suraj","Jagapathi Babu","Tamannaah Bhatia",Yes,Yes,Yes
2026-01-12,"Monster",2022,"monster-2022",896166,"Vysakh","","",Yes,Yes,Yes
2026-01-12,"Ruslaan",2024,"ruslaan-2024",1196940,"Karan Lalit Butani","Jagapathi Babu","Vidya Malvade",Yes,Yes,Yes
2026-01-12,"Voice of Sathyanathan",2023,"voice-of-sathyanathan-2023",877250,"Raffi","Dileep","Veena Nandakumar",Yes,Yes,Yes
2026-01-12,"Kshetram",2011,"kshetram-2011",281951,"T Venugopal","Jagapathi Babu","Priyamani",No,Yes,Yes
2026-01-12,"Brahmastram",2006,"brahmastram-2006",279524,"Surya Kiran","Jagapati Babu","Neha Oberoi",Yes,Yes,Yes
2026-01-12,"6",2012,"6-2012",1199881,"V. Z. Durai","Jagapathi Babu","Gayathri Iyer",Yes,No,Yes
2026-01-12,"Adhinetha",2009,"adhinetha-2009",258912,"revelation about AA","Jagapathi Babu","Hamsha Nandini",No,No,Yes
2026-01-12,"Puthagam",2013,"puthagam-2013",161037,"Vijay Adhiraj","Jagapathi Babu","Rakul Preet Singh",Yes,Yes,Yes
2026-01-12,"Maavidakulu",1998,"maavidakulu-1998",308065,"","Jagapathi Babu","",Yes,No,Yes
2026-01-12,"Madrasi",2006,"madrasi-2006",66510,"Arjun Sarja","Jagapathi Babu","Vedhika",Yes,No,Yes
2026-01-12,"Madhagaja",2021,"madhagaja-2021",673184,"S. Mahesh Kumar","","",Yes,Yes,Yes
2026-01-12,"That is Pandu",2005,"that-is-pandu-2005",890443,"Devi Prasad","Jagapathi Babu","Sneha",Yes,No,Yes
2026-01-12,"మెంటల్",2016,"-2016",,"","","",No,No,No
2026-01-12,"Sarainodu",2016,"sarainodu-2016",374954,"Boyapati Srinu","Allu Arjun","Rakul Preet Singh",Yes,Yes,Yes
2026-01-12,"Sowkarpettai",2015,"sowkarpettai-2015",,"","","",Yes,No,No
2026-01-12,"Om Shanti Om",2015,"om-shanti-om-2015",365811,"Surya Prabaakar","Srikanth","Vinodhini Vaidyanathan",Yes,Yes,Yes
2026-01-12,"Nambiar",2014,"nambiar-2014",,"","","",Yes,No,No
2026-01-12,"Ethiri En 3",2012,"ethiri-en-3-2012",,"","","",No,No,No
2026-01-12,"Meri Warrant",2010,"meri-warrant-2010",1265044,"Jaak Lõhmus","","",Yes,Yes,No
2026-01-12,"Mayajalam",2006,"mayajalam-2006",,"","","",No,No,No
2026-01-12,"Kizhakku Kadalkarai Salai",2006,"kizhakku-kadalkarai-salai-2006",79416,"S. S. Stanley","Srikanth","Bhavana",No,No,No
2026-01-12,"Sankranthi",2005,"sankranthi-2005",279459,"Muppalaneni Shiva","Venkatesh","Sneha",Yes,Yes,Yes
2026-01-12,"Kana Kandaen",2005,"kana-kandaen-2005",99193,"K. V. Anand","Srikanth","Gopika",Yes,Yes,No
2026-01-12,"Swarabhishekam",2004,"swarabhishekam-2004",307964,"K. Viswanath","Srikanth","Laya",Yes,Yes,Yes
2026-01-12,"Joot",2004,"joot-2004",,"","","",No,No,No
2026-01-12,"Manasellam",2003,"manasellam-2003",275922,"Santhosh","Srikanth","Trisha Krishnan",Yes,No,Yes
2026-01-12,"Parthiban Kanavu",2003,"parthiban-kanavu-2003",79412,"Karu Pazhaniappan","Srikanth","Sneha",Yes,Yes,Yes
2026-01-12,"Roja Kootam",2002,"roja-kootam-2002",79409,"Sasi","Srikanth","Bhumika Chawla",Yes,Yes,No
2026-01-12,"Sakutumba Saparivaara Sametham",2000,"sakutumba-saparivaara-sametham-2000",306450,"","","",No,No,No
2026-01-12,"Preyasi Rave",1999,"preyasi-rave-1999",,"","","",No,No,No
2026-01-12,"Aayanagaru",1998,"aayanagaru-1998",,"","","",No,No,No
2026-01-12,"Ooyala",1998,"ooyala-1998",307928,"S.V. Krishna Reddy","","",Yes,No,Yes
2026-01-12,"Egire Pavuramaa",1997,"egire-pavuramaa-1997",,"","","",No,No,No
2026-01-12,"Manasulo Maata",1996,"manasulo-maata-1996",,"","","",Yes,No,No
2026-01-12,"Q12985478",1979,"q12985478-1979",,"","","",No,No,No
2026-01-12,"Q16311395",1978,"q16311395-1978",,"","","",No,No,No
2026-01-12,"Karunai Ullam",1978,"karunai-ullam-1978",,"","","",No,No,No
2026-01-12,"Q12982331",1977,"q12982331-1977",,"","","",No,No,No
2026-01-12,"The Bed",2026,"the-bed-2026",1604186,"S. Mani Bharathy","Srikanth","Srushti Dange",Yes,Yes,Yes
2026-01-12,"Blackmail",2025,"blackmail-2025",1505291,"Mu. Maran","Srikanth","Teju Ashwini",Yes,Yes,Yes
2026-01-12,"Konjam Kadhal Konjam Modhal",2025,"konjam-kadhal-konjam-modhal-2025",1444744,"K. Rangaraj","Srikanth","Pujita Ponnada",Yes,Yes,Yes
2026-01-12,"Dinasari",2025,"dinasari-2025",1432145,"G. Sankar","Srikanth","Meera Krishnan",Yes,Yes,Yes
2026-01-12,"Vallamai Tharayo",2008,"vallamai-tharayo-2008",80232,"Madhumita","R. Parthiban","Chaya Singh",No,Yes,Yes
2026-01-12,"Maha",2022,"maha-2022",567460,"U.R. Jameel","","",Yes,Yes,Yes
2026-01-12,"Mirugaa",2021,"mirugaa-2021",601256,"J. Parthiban","Srikanth","Raai Laxmi",Yes,Yes,Yes
2026-01-12,"Rocky: The Revenge",2019,"rocky-the-revenge-2019",594431,"K. C. Bokadia","Srikanth","Eshanya Maheshwari",Yes,Yes,Yes
2026-01-12,"Bambara Kannaley",2005,"bambara-kannaley-2005",460849,"Parthy Baskar","Srikanth","Aarthi Agarwal",Yes,Yes,Yes
2026-01-12,"Om Shanthi Om",2015,"om-shanthi-om-2015",365811,"Surya Prabaakar","Srikanth","Vinodhini Vaidyanathan",Yes,Yes,Yes
2026-01-12,"Sowkarpettai",2016,"sowkarpettai-2016",369819,"V. C. Vadivudaiyan","Srikanth","Raai Laxmi",Yes,Yes,Yes
2026-01-12,"All over the heart",2003,"all-over-the-heart-2003",275922,"Santhosh","Srikanth","",Yes,No,Yes
2026-01-12,"Joot",2003,"joot-2003",322341,"N. Azhagamperumal","Srikanth","",Yes,Yes,Yes
2026-01-12,"Sathamindri Mutham Tha",2024,"sathamindri-mutham-tha-2024",1248209,"Rajdev","Srikanth","Priyanka Thimmesh",Yes,Yes,Yes
2026-01-12,"Indira Vizha",2009,"indira-vizha-2009",336830,"Vardhan Interview","Srikanth","Namitha",No,No,Yes
2026-01-12,"Aadavari Matalaku Ardhalu Verule",2007,"aadavari-matalaku-ardhalu-verule-2007",80826,"Selvaraghavan","Srikanth","Trisha Krishnan",Yes,Yes,Yes
2026-01-12,"Nambiyaar",2016,"nambiyaar-2016",280945,"Ganeshaa","Srikanth","Sunaina",Yes,Yes,Yes
2026-01-12,"Ethiri En 3",2016,"ethiri-en-3-2016",280880,"Ramkumar","Srikanth","Poonam Bajwa",No,No,Yes
2026-01-12,"Uppukandam Brothers Back In Action",2011,"uppukandam-brothers-back-in-action-2011",278159,"T S Suresh Babu","Srikanth","Vani Viswanath",Yes,Yes,Yes
2026-01-12,"Bose",2004,"bose-2004",269718,"Senthil Kumar","Srikanth","Sneha",Yes,Yes,Yes
2026-01-12,"Varnajalam",2004,"varnajalam-2004",269720,"","Srikanth","Sadha",Yes,No,Yes
2026-01-12,"Mercury Pookkal",2006,"mercury-pookkal-2006",79417,"S. S. Stanley","Srikanth","Meera Jasmine",Yes,No,Yes
2026-01-12,"Kizhakku Kadarkarai Salai",2006,"kizhakku-kadarkarai-salai-2006",79416,"S. S. Stanley","Srikanth","Bhavana",No,No,Yes
2026-01-12,"Uyir",2006,"uyir-2006",263902,"Samy","Srikanth","Samvrutha Sunil",Yes,Yes,Yes
2026-01-12,"Rasikkum Seemane",2010,"rasikkum-seemane-2010",262555,"RK Vidhyaadharan","Srikanth","Navya Nair",Yes,Yes,Yes
2026-01-12,"Coffee With Kadhal",2022,"coffee-with-kadhal-2022",984631,"Sundar C","Srikanth","Malavika Sharma",Yes,Yes,Yes
2026-01-12,"Buddy",2013,"buddy-2013",230100,"Raaj Prabavathy Menon","","",Yes,Yes,Yes
2026-01-12,"Paagan",2012,"paagan-2012",146847,"Mohammed Aslam","Srikanth","Janani Iyer",No,No,Yes
2026-01-12,"Maya Puthagam",2024,"maya-puthagam-2024",956103,"Rama Jayaprakash","Srikanth","Abarnathi",Yes,Yes,Yes
2026-01-12,"Sadhurangam",2011,"sadhurangam-2011",112121,"Karu Pazhaniappan","Srikanth","Sonia Agarwal",Yes,Yes,Yes
2026-01-12,"Poo",2008,"poo-2008",111790,"Sasi","Srikanth","Parvathy Thiruvothu",Yes,Yes,Yes
2026-01-12,"Hero",2012,"hero-2012",141929,"Diphan","Srikanth","Yami Gautam Dhar",Yes,Yes,Yes
2026-01-12,"Kana Kanden",2005,"kana-kanden-2005",99193,"K. V. Anand","Srikanth","Gopika",Yes,Yes,Yes
2026-01-12,"April Maadhathil",2002,"april-maadhathil-2002",99116,"S. S. Stanley","Srikanth","",Yes,Yes,Yes
2026-01-12,"Oru Naal Oru Kanavu",2005,"oru-naal-oru-kanavu-2005",79413,"Fazil","Srikanth","Sonia Agarwal",Yes,Yes,Yes
2026-01-12,"Parthibhan Kanavu",2003,"parthibhan-kanavu-2003",79412,"Karu Pazhaniappan","Srikanth","",Yes,Yes,Yes
2026-01-12,"Roja Koottam",2002,"roja-koottam-2002",79409,"Sasi","Srikanth","",Yes,Yes,Yes
2026-01-12,"Drohi",2010,"drohi-2010",78848,"Sudha Kongara Prasad","Srikanth","Poonam Bajwa",Yes,Yes,Yes
2026-01-12,"Amala",2023,"amala-2023",457031,"Safeer Thailan","Srikanth","Rajisha Vijayan",Yes,Yes,Yes
2026-01-12,"Bagheera",2023,"bagheera-2023",882401,"Adhik Ravichandran","Prabhu Deva","Amyra Dastur",Yes,Yes,Yes
2026-01-12,"Echo",2023,"echo-2023",883719,"Nawin Ghanesh","Srikanth","Vidhya Pradeep",Yes,Yes,Yes
2026-01-12,"Sangolli Rayanna",2012,"sangolli-rayanna-2012",726319,"B. Naganna","Darshan Thoogudeepa Srinivas","Jaya Prada",Yes,Yes,No
2026-01-12,"Ee Snehatheerathu",2004,"ee-snehatheerathu-2004",837107,"Son Kwang-Ju","","Kim Ji-in",No,No,No
2026-01-12,"Swami Vivekananda",1994,"swami-vivekananda-1994",,"","","",No,No,No
2026-01-12,"Q12427728",1990,"q12427728-1990",,"","","",No,No,No
2026-01-12,"Gharana",1989,"gharana-1989",,"","","",No,No,No
2026-01-12,"Kanoon Ki Awaaz",1989,"kanoon-ki-awaaz-1989",,"","","",No,No,No
2026-01-12,"Pyaar Ke Do Pal",1986,"pyaar-ke-do-pal-1986",,"","","",No,No,No
2026-01-12,"Aisa Pyaar Kahan",1986,"aisa-pyaar-kahan-1986",302427,"","","",No,No,No
2026-01-12,"Mera Saathi",1985,"mera-saathi-1985",,"","","",No,No,No
2026-01-12,"Saagara Sangamam",1983,"saagara-sangamam-1983",30153,"K. Viswanath","","",No,No,Yes
2026-01-12,"Meghasandesham",1982,"meghasandesham-1982",,"","","",No,No,No
2026-01-12,"Sita Swayamvar",1976,"sita-swayamvar-1976",643162,"Bapu","","",No,No,Yes
2026-01-12,"Seeta Kalyanam",1976,"seeta-kalyanam-1976",643162,"Bapu","","",No,No,Yes
2026-01-12,"Ninaithale Inikkum",1979,"ninaithale-inikkum-1979",66305,"K. Balachander","Jaya Prada","Rajinikanth",No,No,Yes
2026-01-12,"Perfect Pati",2018,"perfect-pati-2018",462920,"Eddie Alcazar","Garrett Wareing","Courtney Eaton",Yes,Yes,Yes
2026-01-12,"Kinar",2018,"kinar-2018",534783,"Mummy Century","Jaya Prada","Revathi",Yes,No,Yes
2026-01-12,"Krantiveera Sangolli Rayanna",2012,"krantiveera-sangolli-rayanna-2012",,"Naganna","Jaya Prada","Jaya Prada",Yes,No,Yes
2026-01-12,"The Desire",2010,"the-desire-2010",193231,"József Pacskovszky","Zsolt László","Catherine Wilkening",Yes,Yes,Yes
2026-01-12,"Sesh Sangat",2009,"sesh-sangat-2009",173998,"Ashoke Viswanathan","Ashish Vidhyarthi","Jaya Prada",No,No,Yes
2026-01-12,"Dasavathaaram",2008,"dasavathaaram-2008",17888,"K. S. Ravikumar","Jaya Prada","",Yes,No,Yes
2026-01-12,"Sri Renukadevi",2003,"sri-renukadevi-2003",1510465,"M. S. Ramesh","Shiva Rajkumar","Ankitha",Yes,Yes,Yes
2026-01-12,"Insaniyat",1994,"insaniyat-1994",345984,"Tony Juneja","Jaya Prada","Tom Alter",Yes,No,Yes
2026-01-12,"Majboor",1990,"majboor-1990",,"T. Rama Rao","Jaya Prada","Parveen Babi",No,No,Yes
2026-01-12,"Sardar&#91;41&#93;",1984,"sardar-91-41-93-1984",,"","Jaya Prada","",No,No,Yes
2026-01-12,"Bhadrakali",1977,"bhadrakali-1977",,"","Jaya Prada","Rani Chandra",No,No,Yes
2026-01-12,"Manmatha Leelai",1976,"manmatha-leelai-1976",66427,"Surendar Reddy doesn","Jaya Prada","Smruthi Venkat",No,No,Yes
2026-01-12,"Himapatha",1995,"himapatha-1995",1515039,"S V Rajendra Singh Babu","Vishnuvardhan","Jaya Prada",Yes,Yes,Yes
2026-01-12,"Paapi Pet Ka Sawaal Hai",1984,"paapi-pet-ka-sawaal-hai-1984",1484258,"Sohanlal Kanwar","Jaya Prada","Jaya Prada",No,No,Yes
2026-01-12,"Huliya Halina Mevu",1979,"huliya-halina-mevu-1979",1073623,"Vijay Reddy","Dr. Rajkumar","Jaya Prada",No,No,Yes
2026-01-12,"Paraya Ghar",1989,"paraya-ghar-1989",819826,"Kalpataru","Rishi Kapoor","Jaya Prada",No,No,Yes
2026-01-12,"Lok Parlok",1979,"lok-parlok-1979",304302,"Rama Rao Tatineni","Jaya Prada","Jaya Prada",No,No,Yes
2026-01-12,"Dhartiputra",1993,"dhartiputra-1993",786370,"Iqbal Durrani","Mammootty","Jaya Prada",Yes,Yes,Yes
2026-01-12,"Tyagi",1992,"tyagi-1992",331571,"K. C. Bokadia","Jaya Prada","Jaya Prada",No,Yes,Yes
2026-01-12,"Veer",1995,"veer-1995",777141,"Kanti Shah","Jaya Prada","Jaya Prada",Yes,Yes,Yes
2026-01-12,"Kaamchor",1982,"kaamchor-1982",306417,"K. Viswanath","Jaya Prada","Jaya Prada",No,No,Yes
2026-01-12,"Muddat",1986,"muddat-1986",310737,"K. Bapayya","","",No,No,Yes
2026-01-12,"Pyar Ke Do Pal",1986,"pyar-ke-do-pal-1986",520517,"Rajiv Mehra","","",No,No,Yes
2026-01-12,"Kraanthiveera Sangolli Raayanna",2012,"kraanthiveera-sangolli-raayanna-2012",726319,"B. Naganna","Darshan Thoogudeepa Srinivas","Jaya Prada",Yes,Yes,Yes
2026-01-12,"Ee Bandhana",2007,"ee-bandhana-2007",715601,"Vijayalakshmi Singh","Vishnuvardhan","Jaya Prada",Yes,Yes,Yes
2026-01-12,"Sargam",1979,"sargam-1979",83832,"K. Viswanath","Jaya Prada","Jaya Prada",No,No,Yes
2026-01-12,"Raaj",2009,"raaj-2009",691609,"Prem","","",Yes,Yes,Yes
2026-01-12,"Sarhad Paar",2006,"sarhad-paar-2006",310298,"Raman Kumar","","",Yes,Yes,Yes
2026-01-12,"Insaniyat Ke Devta",1993,"insaniyat-ke-devta-1993",331375,"K. C. Bokadia","","",No,Yes,Yes
2026-01-12,"Main Awara Hoon",1983,"main-awara-hoon-1983",627037,"","Jaya Prada","Raj Babbar",No,No,Yes
2026-01-12,"Zakhmi Zameen",1990,"zakhmi-zameen-1990",620268,"Mahendra Shah","Jaya Prada","Jaya Prada",No,No,Yes
2026-01-12,"Veerta",1993,"veerta-1993",619098,"Shibu Mitra","Jaya Prada","Jaya Prada",No,Yes,Yes
2026-01-12,"Pataal Bhairavi",1985,"pataal-bhairavi-1985",603257,"K. Bapayya","Jaya Prada","Jaya Prada",No,No,Yes
2026-01-12,"Paappi Devataa",1995,"paappi-devataa-1995",591939,"Harmesh Malhotra","Dharmendra","Jaya Prada",Yes,Yes,Yes
2026-01-12,"Loh Purush",1999,"loh-purush-1999",591927,"","","",Yes,Yes,No
2026-01-12,"Kundan",1993,"kundan-1993",591926,"K. C. Bokadia","Jaya Prada","Jaya Prada",No,No,Yes
2026-01-12,"Zulm-O-Sitam",1998,"zulm-o-sitam-1998",588993,"K. C. Bokadia","Jaya Prada","Jaya Prada",Yes,No,Yes
2026-01-12,"Indrajeet",1991,"indrajeet-1991",340775,"K.V. Raju","Amitabh Bachchan","Jaya Prada",Yes,Yes,Yes
2026-01-12,"Majboor",1989,"majboor-1989",499666,"Rama Rao Tatineni","Jaya Prada","Jaya Prada",No,No,Yes
2026-01-12,"Jeevan Yudh",1997,"jeevan-yudh-1997",564985,"Partho Ghosh","Jaya Prada","Jaya Prada",Yes,Yes,Yes
2026-01-12,"Mera Faisla",1984,"mera-faisla-1984",304324,"S V Rajendra Singh Babu","Jaya Prada","Rati Agnihotri",No,No,Yes
2026-01-12,"Sapnon Ka Mandir",1991,"sapnon-ka-mandir-1991",555013,"","Jaya Prada","Jaya Prada",No,Yes,Yes
2026-01-12,"Swarag Se Sunder",1986,"swarag-se-sunder-1986",40475,"K. Bapayya","Jaya Prada","Jaya Prada",No,No,Yes
2026-01-12,"Sanjog",1985,"sanjog-1985",551493,"K. Viswanath","Jeetendra","Jaya Prada",No,No,Yes
2026-01-12,"Zabardast",1985,"zabardast-1985",546442,"Nasir Hussain","","",No,No,Yes
2026-01-12,"Dharm Aur Qanoon",1984,"dharm-aur-qanoon-1984",533722,"","Rajesh Khanna","Asha Parekh",Yes,No,No
2026-01-12,"Kanoon Ki Zanjeer",1990,"kanoon-ki-zanjeer-1990",528207,"","Jaya Prada","Jaya Prada",No,No,Yes
2026-01-12,"Mardon Wali Baat",1988,"mardon-wali-baat-1988",528019,"","Dharmendra","Shabana Azmi",Yes,No,No
2026-01-12,"Dil-E-Nadaan",1982,"dil-e-nadaan-1982",514727,"C. V. Sridhar","Jaya Prada","Jaya Prada",No,No,Yes
2026-01-12,"Swami Vivekananda",1998,"swami-vivekananda-1998",353809,"G. V. Iyer","","",Yes,Yes,Yes
2026-01-12,"Shehzaade",1989,"shehzaade-1989",505426,"Raj N. Sippy","Jaya Prada","Jaya Prada",No,No,Yes
2026-01-12,"Keni",2018,"keni-2018",499612,"M. A. Nishad","Jaya Prada","R. Parthiban",Yes,Yes,Yes
2026-01-12,"Hum Bhi Insaan Hain",1989,"hum-bhi-insaan-hain-1989",465140,"Manivannan","","",No,No,Yes
2026-01-12,"Thanedaar",1990,"thanedaar-1990",230431,"Raj N. Sippy","","",No,Yes,Yes
2026-01-12,"Deha",2007,"deha-2007",462352,"Mahesh Manjrekar","Mahesh Manjrekar","Amrita Arora",Yes,No,Yes
2026-01-12,"Rajjo",2013,"rajjo-2013",348094,"Vishwas Patil","","",Yes,Yes,Yes
2026-01-12,"Ghar Ghar Ki Kahani",1988,"ghar-ghar-ki-kahani-1988",302520,"Kalpataru","","",No,No,Yes
2026-01-12,"Awaaz",1984,"awaaz-1984",447165,"Shakti Samanta","Jaya Prada","Jaya Prada",No,No,Yes
2026-01-12,"Tathastu",2006,"tathastu-2006",435335,"Anubhav Sinha","Jaya Prada","Ameesha Patel",Yes,Yes,Yes
2026-01-12,"Khal-Naaikaa",1993,"khal-naaikaa-1993",431959,"Saawan Kumar Tak","Jaya Prada","Anu Aggarwal",No,Yes,Yes
2026-01-12,"Sur Sangam",1985,"sur-sangam-1985",322397,"K. Viswanath","Jaya Prada","Jaya Prada",No,No,Yes
2026-01-12,"Elaan-E-Jung",1989,"elaan-e-jung-1989",426177,"Anil Sharma","Jaya Prada","Jaya Prada",No,No,Yes
2026-01-12,"Takkar",1980,"takkar-1980",1325080,"K. Bapayya","","",No,No,Yes
2026-01-12,"Kohram",1999,"kohram-1999",411832,"Mehul Kumar","","",Yes,Yes,Yes
2026-01-12,"Ganga Tere Desh Mein",1988,"ganga-tere-desh-mein-1988",374949,"Vijay Reddy","Jaya Prada","Jaya Prada",No,No,Yes
2026-01-12,"Aaj Ka Arjun",1990,"aaj-ka-arjun-1990",307490,"K. C. Bokadia","Jaya Prada","Jaya Prada",No,No,Yes
2026-01-12,"Chauraha",1994,"chauraha-1994",342187,"Sadaqat Hussein","Jaya Prada","Jaya Prada",Yes,No,Yes
2026-01-12,"Sanaadi Appanna",1977,"sanaadi-appanna-1977",1042823,"Vijay Reddy","Jaya Prada","Jaya Prada",No,No,Yes
2026-01-12,"Insaaf Kaun Karega",1984,"insaaf-kaun-karega-1984",331566,"Sudarshan Nag","Jaya Prada","Rajinikanth",No,No,Yes
2026-01-12,"Haqeeqat",1985,"haqeeqat-1985",911812,"Rama Rao Tatineni","Jaya Prada","Tabu",No,No,Yes
2026-01-12,"Swayamvaram",1982,"swayamvaram-1982",1229862,"Dasari Narayana Rao","Sobhan Babu","Jaya Prada",No,No,Yes
2026-01-12,"Girija Kalyanam",1990,"girija-kalyanam-1990",1229858,"K. S. R. Das","Jaya Prada","Jaya Prada",No,No,Yes
2026-01-12,"Aatwaja",2018,"aatwaja-2018",1017859,"Atanu Bose","Shaheb Bhattacherjee","Jaya Prada",Yes,No,Yes
2026-01-12,"Sindoor",1987,"sindoor-1987",465634,"K. Ravi Shankar","","",No,No,Yes
2026-01-12,"Kaviratna Kalidasa",1983,"kaviratna-kalidasa-1983",512995,"Renuka Sharma","Jaya Prada","Jaya Prada",No,No,Yes
2026-01-12,"Gangaa Jamunaa Saraswathi",1988,"gangaa-jamunaa-saraswathi-1988",48390,"Manmohan Desai","Jaya Prada","Mithun Chakraborty",No,No,Yes
2026-01-12,"Haisiyat",1984,"haisiyat-1984",306076,"Dasari Narayana Rao","Jaya Prada","Jeetendra",No,No,Yes
2026-01-12,"Sesh Sanghat",2009,"sesh-sanghat-2009",173998,"Ashoke Viswanathan","Jaya Prada","Jaya Prada",No,No,Yes
2026-01-12,"Archana Aaradhana",1985,"archana-aaradhana-1985",277918,"Sajan","","",No,No,Yes
2026-01-12,"Maa",1992,"maa-1992",141557,"Ajay Kashyap","Jeetendra","Jaya Prada",Yes,Yes,Yes
2026-01-12,"Jaadugar",1989,"jaadugar-1989",128567,"Prakash Mehra","","",No,No,Yes
2026-01-12,"Qayamat",1983,"qayamat-1983",215334,"Raj N. Sippy","Jaya Prada","Smita Patil",No,No,Yes
2026-01-12,"Habba",1999,"habba-1999",988210,"D. Rajendra Babu","Vishnuvardhan","Jaya Prada",Yes,Yes,Yes
2026-01-12,"Aami Sei Meye",1998,"aami-sei-meye-1998",989463,"Prosenjit Chatterjee","Jaya Prada","Jaya Prada",Yes,No,Yes
2026-01-12,"Ezhai Jaathi",1993,"ezhai-jaathi-1993",247137,"Liaquat Ali Khan","Jaya Prada","Jaya Prada",No,No,Yes
2026-01-12,"Souten Ki Beti",1989,"souten-ki-beti-1989",244736,"Saawan Kumar Tak","Jaya Prada","Rekha",No,No,Yes
2026-01-12,"Devadoothan",2000,"devadoothan-2000",240157,"Sibi Malayil","Jaya Prada","Jaya Prada",Yes,Yes,Yes
2026-01-12,"Shabdavedhi",2000,"shabdavedhi-2000",235423,"S. Narayan","Dr. Rajkumar","Jaya Prada",Yes,Yes,Yes
2026-01-12,"Singhasan",1986,"singhasan-1986",1166551,"Krishna","Jeetendra","Jaya Prada",No,No,Yes
2026-01-12,"Pranayam",2011,"pranayam-2011",151661,"Blessy","Anupam Kher","Jaya Prada",Yes,Yes,Yes
2026-01-12,"Sharaabi",1984,"sharaabi-1984",71304,"Prakash Mehra","Amitabh Bachchan","Jaya Prada",No,No,Yes
2026-01-12,"Manmadha Leelai",1976,"manmadha-leelai-1976",66427,"K. Balachander","Jaya Prada","Jaya Prada",No,No,Yes
2026-01-12,"Ninaithaale Inikkum",1979,"ninaithaale-inikkum-1979",66305,"K. Balachander","Jaya Prada","Rajinikanth",No,No,Yes
2026-01-12,"Maidan-E-Jung",1995,"maidan-e-jung-1995",161459,"K. C. Bokadia","","",Yes,Yes,Yes
2026-01-12,"Hoshiyar",1985,"hoshiyar-1985",1095229,"K Raghavendra Rao","","",No,No,Yes
2026-01-12,"The Desire: A Journey of a Woman",2011,"the-desire-a-journey-of-a-woman-2011",879568,"R Sarath","Jaya Prada","Shilpa Shetty Kundra",Yes,Yes,Yes
2026-01-12,"Justice Rudramadevi",1990,"justice-rudramadevi-1990",935335,"Kurra Ranga Rao","Jaya Prada","Jaya Prada",No,No,Yes
2026-01-12,"Premaku Swagatham",2002,"premaku-swagatham-2002",566382,"S.V. Krishna Reddy","J. D. Chakravarthi","Soundarya",Yes,Yes,No
2026-01-12,"Dweepa",2002,"dweepa-2002",265663,"Girish Kasaravalli","Avinash","Soundarya",Yes,Yes,Yes
2026-01-12,"Jayam Manade Raa",2000,"jayam-manade-raa-2000",117417,"N.Shankar","Venkatesh","Soundarya",Yes,Yes,No
2026-01-12,"Premaku Velayara",1999,"premaku-velayara-1999",274569,"S.V. Krishna Reddy","","",Yes,No,Yes
2026-01-12,"Mannavaru Chinnavaru",1999,"mannavaru-chinnavaru-1999",66523,"P. N. Ramachandra Rao","","",No,No,Yes
2026-01-12,"Doni Sagali",1998,"doni-sagali-1998",,"","","",No,No,No
2026-01-12,"Kaathala Kaathala",1998,"kaathala-kaathala-1998",66349,"Singeetam Srinivasa Rao","","",Yes,No,Yes
2026-01-12,"Anthapuram",1998,"anthapuram-1998",80859,"Pasupuleti Krishna Vamsi","","",Yes,No,Yes
2026-01-12,"Karnataka State Film Awards",1998,"karnataka-state-film-awards-1998",,"","Soundarya","",No,No,Yes
2026-01-12,"Best Actress",1996,"best-actress-1996",,"","Soundarya","Thomas Calabro",No,No,Yes
2026-01-12,"Naa Manasista Raa",2001,"naa-manasista-raa-2001",1547950,"R.R. Shinde","Srikanth","Soundarya",No,Yes,Yes
2026-01-12,"Naanu Nanna Hendtheeru",1999,"naanu-nanna-hendtheeru-1999",1511635,"V. S. Reddy","V. Ravichandran","Soundarya",Yes,Yes,Yes
2026-01-12,"Kalasi Naduddam",2001,"kalasi-naduddam-2001",822871,"Kodi Ramakrishna","Srikanth","Soundarya",No,No,Yes
2026-01-12,"Chilakapacha Kapuram",1995,"chilakapacha-kapuram-1995",676782,"","Soundarya","Meena",No,No,Yes
2026-01-12,"Kadhala Kadhala",1998,"kadhala-kadhala-1998",66349,"Singeetam Srinivasa Rao","Kamal Haasan","Soundarya",Yes,Yes,Yes
2026-01-12,"Nagadevathe",2000,"nagadevathe-2000",1338442,"Om Saiprakash","Soundarya","Prema",Yes,No,Yes
2026-01-12,"Kilichundan Mampazham",2003,"kilichundan-mampazham-2003",280197,"Priyadarshan","Mohanlal","Soundarya",Yes,Yes,Yes
2026-01-12,"Ammoru",1995,"ammoru-1995",281872,"Kodi Ramakrishna","Soundarya","Ramya Krishnan",Yes,Yes,Yes
2026-01-12,"Anthapuram",1999,"anthapuram-1999",281825,"Pasupuleti Krishna Vamsi","Soundarya","Soundarya",Yes,Yes,Yes
2026-01-12,"Ivan",2002,"ivan-2002",281820,"R. Parthiban","Soundarya","Meena",Yes,No,Yes
2026-01-12,"Anna Chellelu",1993,"anna-chellelu-1993",995438,"P. Chandrasekhara Reddy","Ramesh Babu Ghattamaneni","Soundarya",No,Yes,Yes
2026-01-12,"Mannavaru Sinnavaru",1999,"mannavaru-sinnavaru-1999",66523,"P. N. Ramachandra Rao","Soundarya","Soundarya",No,Yes,Yes
2026-01-12,"Sooryavansham",1999,"sooryavansham-1999",194136,"E.V.V. Satyanarayana","Soundarya","Soundarya",Yes,Yes,Yes
2026-01-12,"Ponnumani",1993,"ponnumani-1993",78767,"R. V. Udayakumar","Karthik Muthuraman","Soundarya",No,Yes,Yes
2026-01-12,"Muthu Kaalai",1995,"muthu-kaalai-1995",78759,"Gokula Krishnan","Karthik Muthuraman","Soundarya",Yes,Yes,Yes
2026-01-12,"Chokka Thangam",2003,"chokka-thangam-2003",78954,"K. Bhagyaraj","Vijayakanth","Soundarya",Yes,Yes,Yes
2026-01-12,"Thavasi",2001,"thavasi-2001",78959,"Udayasankar","Vijayakanth","Soundarya",Yes,Yes,Yes
2026-01-12,"Senathipathi",1996,"senathipathi-1996",884977,"M. Rathnakumar","Sathyaraj","Soundarya",Yes,Yes,Yes
2026-01-12,"Vijaya Dashami",2003,"vijaya-dashami-2003",1082231,"Bharathi Kannan","Sai Kumar","Soundarya",Yes,Yes,Yes
2026-01-12,"Padma Bhushan",1988,"padma-bhushan-1988",,"","Akkineni Nageswara Rao","",No,No,Yes
2026-01-12,"Padma Shri",1968,"padma-shri-1968",,"","Akkineni Nageswara Rao","",No,No,Yes
2026-01-12,"Aathmeeyulu",1969,"aathmeeyulu-1969",685559,"V. Madhusudhan Rao","Akkineni Nageswara Rao","",No,No,Yes
2026-01-12,"Bangaru Babu",1973,"bangaru-babu-1973",304942,"V. B. Rajendra Prasad","Akkineni Nageswara Rao","",No,No,Yes
2026-01-12,"Women's Authority",1958,"women-s-authority-1958",697952,"Adurthi Subba Rao","Akkineni Nageswara Rao","",No,No,Yes
2026-01-12,"Yuvaraju",1982,"yuvaraju-1982",626994,"Dasari Narayana Rao","Akkineni Nageswara Rao","Jayasudha",No,No,Yes
2026-01-12,"Manjal Mahimai",1959,"manjal-mahimai-1959",515095,"Adurthi Subba Rao","Akkineni Nageswara Rao","",No,No,Yes
2026-01-12,"Pelli Naati Pramanalu",1959,"pelli-naati-pramanalu-1959",395741,"Kadri Venkata Reddy","Akkineni Nageswara Rao","",No,No,Yes
2026-01-12,"Bharya Bharthalu",1961,"bharya-bharthalu-1961",307390,"Kolli Pratyagatma","Akkineni Nageswara Rao","",No,No,Yes
2026-01-12,"Or Iravu",1951,"or-iravu-1951",322714,"P. Neelakantan","Akkineni Nageswara Rao","",No,No,Yes
2026-01-12,"Manithan Maravillai",1961,"manithan-maravillai-1961",262339,"M. G. Chakrapani","","",No,No,Yes
2026-01-12,"Kalyana Parisu",1959,"kalyana-parisu-1959",262331,"C. V. Sridhar","","",No,No,Yes
2026-01-12,"Matharkula Manikkam",1956,"matharkula-manikkam-1956",262297,"Tatineni Prakash Rao","Akkineni Nageswara Rao","",No,No,Yes
2026-01-12,"Poongothai",1953,"poongothai-1953",261796,"L. V. Prasad","Akkineni Nageswara Rao","",No,No,Yes
2026-01-12,"Bharatha Vilas",1973,"bharatha-vilas-1973",261537,"A. C. Tirulokchandar","","",No,No,Yes
2026-01-12,"Vamsoddarakudu",2000,"vamsoddarakudu-2000",,"","","",No,No,No
2026-01-12,"Maa Nannaki Pelli",1997,"maa-nannaki-pelli-1997",308064,"","","",Yes,No,No
2026-01-12,"Antima Theerpu",1988,"antima-theerpu-1988",,"","","",No,No,No
2026-01-12,"Talli Kodukula Anubandham",1982,"talli-kodukula-anubandham-1982",,"","","",No,No,No
2026-01-12,"Trishulam",1982,"trishulam-1982",,"","","",No,No,No
2026-01-12,"Madhura Swapnam",1982,"madhura-swapnam-1982",,"","","",No,No,No
2026-01-12,"Adavaallu Meeku Joharulu",1981,"adavaallu-meeku-joharulu-1981",,"","","",No,No,No
2026-01-12,"Jeevana Theeralu",1977,"jeevana-theeralu-1977",,"","","",No,No,No
2026-01-12,"Amaradeepam",1977,"amaradeepam-1977",,"","","",No,No,No
2026-01-12,"Bala Mitrula Katha",1972,"bala-mitrula-katha-1972",,"","","",No,No,No
2026-01-12,"Anthima Theerpu",1988,"anthima-theerpu-1988",278155,"Joshiy","Krishnam Raju","Sumalatha",No,No,Yes
2026-01-12,"Vamsodharakudu",2000,"vamsodharakudu-2000",521440,"Sarath","Krishnam Raju","Ramya Krishnan",Yes,Yes,Yes
2026-01-12,"Time Pass",2001,"time-pass-2001",330753,"","Ajay","",No,No,No
2026-01-12,"Samardhudu",2009,"samardhudu-2009",281848,"Arjun","Krishnam Raju","Sanjjanaa Galrani",No,Yes,Yes
2026-01-12,"Maa Nanna Ki Pelli",1997,"maa-nanna-ki-pelli-1997",308064,"","Krishnam Raju","Simran",Yes,No,Yes
2026-01-12,"Rajamahal",1972,"rajamahal-1972",1142108,"","Krishnam Raju","",No,No,Yes
2026-01-12,"Naidugaari Kutumbam",1996,"naidugaari-kutumbam-1996",925822,"Boyina Subba Rao","Krishnam Raju","Sanghavi",No,Yes,Yes
2026-01-12,"—N/a",2019,"n-a-2019",685359,"Hannes Rossacher","Eric Burdon","Sridevi",Yes,No,Yes
2026-01-12,"Mom",2018,"mom-2018",443398,"Ravi Udyawar","Sridevi","Jeanne Bates",Yes,No,Yes
2026-01-12,"English Vinglish",2013,"english-vinglish-2013",118628,"Gauri Shinde","Adil Hussain","Sridevi",Yes,No,Yes
2026-01-12,"Judaai",1998,"judaai-1998",,"Raj Kanwar","Sridevi","Sridevi",Yes,No,Yes
2026-01-12,"Laadla",1995,"laadla-1995",,"","Sridevi","Sridevi",No,No,Yes
2026-01-12,"Gumrah",1994,"gumrah-1994",,"","Sridevi","Mala Sinha",No,No,Yes
2026-01-12,"Khuda Gawah",1993,"khuda-gawah-1993",,"","Sridevi","Sridevi",No,No,Yes
2026-01-12,"ChaalBaaz",1990,"chaalbaaz-1990",,"","Sridevi","Sunny Deol",No,No,Yes
2026-01-12,"Sadma",1984,"sadma-1984",,"","Sridevi","Sridevi",No,No,Yes
2026-01-12,"Moondram Pirai",1983,"moondram-pirai-1983",,"","Kamal Haasan","Sridevi",No,No,Yes
2026-01-12,"Poombatta",1971,"poombatta-1971",508407,"B K Pottekkadu","Sankaradi","Sridevi",No,No,Yes
2026-01-12,"Jumma Chumma In London",1991,"jumma-chumma-in-london-1991",888839,"","Salman Khan","Sridevi",Yes,No,Yes
2026-01-12,"Nam Naadu",1969,"nam-naadu-1969",285384,"Jambulingam","","",No,No,Yes
2026-01-12,"Zero",2018,"zero-2018",496076,"Aanand L. Rai","","",Yes,Yes,Yes
2026-01-12,"Bhaktha Kumbara",1974,"bhaktha-kumbara-1974",608567,"Hunsur Krishnamurthy","","",No,No,Yes
2026-01-12,"Aasmaan Se Gira",1992,"aasmaan-se-gira-1992",786561,"Pankaj Parashar","","",No,Yes,Yes
2026-01-12,"டாக்ஸி டிரைவர்",1978,"-1978",846919,"N. S. Manian","","",No,No,Yes
2026-01-12,"Mawaali",1983,"mawaali-1983",278557,"K. Bapayya","Sridevi","Sridevi",No,No,Yes
2026-01-12,"Oonjaal",1977,"oonjaal-1977",812072,"I V Sasi","Sankaradi","Sridevi",No,No,Yes
2026-01-12,"Angeekaaram",1977,"angeekaaram-1977",810149,"I V Sasi","Vincent","Sridevi",No,No,Yes
2026-01-12,"Sainthadamma Sainthadu",1977,"sainthadamma-sainthadu-1977",801002,"Devaraj","Sridevi","Sridevi",No,No,Yes
2026-01-12,"Solva Sawan",1979,"solva-sawan-1979",766526,"Bharathiraja","Amol Palekar","Sridevi",No,No,Yes
2026-01-12,"Babu",1971,"babu-1971",261693,"A. C. Tirulokchandar","","",No,No,Yes
2026-01-12,"Masterji",1985,"masterji-1985",463321,"K Raghavendra Rao","Rajesh Khanna","Sridevi",No,No,Yes
2026-01-12,"Aadhya Paadam",1977,"aadhya-paadam-1977",747627,"Adoor Bhasi","Kamal Haasan","Sridevi",Yes,Yes,Yes
2026-01-12,"Satyavan Savithri",1977,"satyavan-savithri-1977",306453,"P G Viswambharan","Sridevi","Sridevi",No,No,Yes
2026-01-12,"Unnai Suttrum Ulagam",1977,"unnai-suttrum-ulagam-1977",747443,"G. Subramaniya Reddiar","","",No,No,Yes
2026-01-12,"Nirakudam",1977,"nirakudam-1977",747472,"A. Bhimsingh","Kamal Haasan","Sridevi",Yes,No,Yes
2026-01-12,"Aasheervaadam",1977,"aasheervaadam-1977",747422,"I V Sasi","Kamal Haasan","Sridevi",Yes,Yes,Yes
2026-01-12,"Dharm Adhikari",1986,"dharm-adhikari-1986",333978,"K Raghavendra Rao","","",No,No,Yes
2026-01-12,"Kuttavum Shikshayum",1976,"kuttavum-shikshayum-1976",747351,"M. Masthan","Sridevi","Sridevi",No,No,Yes
2026-01-12,"Guru",1989,"guru-1989",604108,"Umesh Mehra","Mithun Chakraborty","Sridevi",No,No,Yes
2026-01-12,"Akalmand",1984,"akalmand-1984",495807,"","Jeetendra","Sridevi",Yes,Yes,Yes
2026-01-12,"Sherni",1988,"sherni-1988",318115,"Harmesh Malhotra","Birbal","Sridevi",Yes,Yes,Yes
2026-01-12,"Naya Kadam",1984,"naya-kadam-1984",619094,"K Raghavendra Rao","Sridevi","Padmini Kolhapure",No,No,Yes
2026-01-12,"Julie",1975,"julie-1975",125216,"K. S. Sethumadhavan","","",No,No,Yes
2026-01-12,"Heer Ranjha",1992,"heer-ranjha-1992",612806,"Harmesh Malhotra","Anil Kapoor","Sridevi",Yes,Yes,Yes
2026-01-12,"Mahaguru",1985,"mahaguru-1985",331388,"","Rajinikanth","Meenakshi Sheshadri",No,No,Yes
2026-01-12,"Golmaal Again",2017,"golmaal-again-2017",472123,"Rohit Shetty","","",Yes,Yes,Yes
2026-01-12,"Akarshan",1988,"akarshan-1988",301094,"Tanvir Ahmed","","",No,No,Yes
2026-01-12,"Maqsad",1984,"maqsad-1984",304175,"K. Bapayya","","",No,No,Yes
2026-01-12,"Tohfa",1984,"tohfa-1984",603532,"K Raghavendra Rao","Jeetendra","Jaya Prada",No,No,Yes
2026-01-12,"Naaka Bandi",1990,"naaka-bandi-1990",591932,"Shibu Mitra","","",No,Yes,Yes
2026-01-12,"Joshilaay",1989,"joshilaay-1989",597190,"Sibte Hassan Rizvi","","",No,No,Yes
2026-01-12,"Gift",1984,"gift-1984",559919,"K Raghavendra Rao","Jeetendra","Sridevi",No,No,Yes
2026-01-12,"Jaag Utha Insan",1984,"jaag-utha-insan-1984",543864,"K. Viswanath","Sridevi","Sridevi",No,No,Yes
2026-01-12,"Pathar Ke Insan",1990,"pathar-ke-insan-1990",532158,"Shomu Mukherjee","Vinod Khanna","Sridevi",No,No,Yes
2026-01-12,"Neela Malargal",1979,"neela-malargal-1979",531589,"R. Krishnan","Kamal Haasan","Sridevi",Yes,Yes,Yes
2026-01-12,"Justice Chaudhury",1983,"justice-chaudhury-1983",523793,"K Raghavendra Rao","Jeetendra","Hema Malini",No,No,Yes
2026-01-12,"Meri Biwi Ka Jawab Nahin",2004,"meri-biwi-ka-jawab-nahin-2004",344248,"Pankaj Parashar","Akshay Kumar","Sridevi",Yes,Yes,Yes
2026-01-12,"Sultanat",1986,"sultanat-1986",277258,"Mukul Anand","Dharmendra","Sridevi",Yes,Yes,Yes
2026-01-12,"Jaani Dost",1983,"jaani-dost-1983",304713,"","Dharmendra","Parveen Babi",Yes,No,No
2026-01-12,"Devaraagam",1996,"devaraagam-1996",307820,"Bharathan","Sridevi","Sridevi",Yes,Yes,Yes
2026-01-12,"Nazrana",1987,"nazrana-1987",321963,"Ravi Tandon","Rajesh Khanna","Sridevi",Yes,No,Yes
2026-01-12,"Kaun Sachcha Kaun Jhootha",1997,"kaun-sachcha-kaun-jhootha-1997",322345,"Partho Ghosh","Rishi Kapoor","Sridevi",Yes,Yes,Yes
2026-01-12,"Poompatta",1971,"poompatta-1971",508407,"B K Pottekkadu","Sankaradi","Sridevi",No,No,Yes
2026-01-12,"Janbaaz",1986,"janbaaz-1986",27640,"Feroz Khan","","",No,No,Yes
2026-01-12,"Gumrah",1993,"gumrah-1993",165076,"Mahesh Bhatt","Sanjay Dutt","Sridevi",Yes,Yes,Yes
2026-01-12,"Sone Pe Suhaaga",1988,"sone-pe-suhaaga-1988",462655,"K. Bapayya","","",No,No,Yes
2026-01-12,"Gurudev",1993,"gurudev-1993",342162,"Vinod Mehra","Rishi Kapoor","Sridevi",Yes,Yes,Yes
2026-01-12,"Roop Ki Rani Choron Ka Raja",1993,"roop-ki-rani-choron-ka-raja-1993",345980,"Satish Kaushik","Anil Kapoor","Sridevi",Yes,Yes,Yes
2026-01-12,"Balidaan",1985,"balidaan-1985",462571,"S. A. Chandrasekhar","Jeetendra","Sridevi",No,No,Yes
2026-01-12,"Banjaran",1991,"banjaran-1991",462349,"Harmesh Malhotra","Rishi Kapoor","Sridevi",No,Yes,Yes
2026-01-12,"Aulad",1987,"aulad-1987",301614,"Vijay Sadanah","Jeetendra","Jaya Prada",No,No,Yes
2026-01-12,"Sadma",1983,"sadma-1983",54357,"Balu Mahendra","Kamal Haasan","Sridevi",No,No,Yes
2026-01-12,"Kalyanaraman",1979,"kalyanaraman-1979",421287,"Rangarajan G N","Kamal Haasan","Sridevi",No,No,Yes
2026-01-12,"Kalakaar",1983,"kalakaar-1983",413911,"Parvataneni Sambasiva Rao","Kunal Goswami","Sridevi",Yes,Yes,Yes
2026-01-12,"Halla Bol",2008,"halla-bol-2008",23848,"Rajkumar Santoshi","","",Yes,Yes,Yes
2026-01-12,"Majaal",1987,"majaal-1987",391728,"","Jeetendra","Jaya Prada",No,No,Yes
2026-01-12,"Watan Ke Rakhwale",1987,"watan-ke-rakhwale-1987",311404,"Rama Rao Tatineni","","",No,No,Yes
2026-01-12,"Karma",1986,"karma-1986",170845,"Subhash Ghai","","",No,No,Yes
2026-01-12,"Thulaavarsham",1976,"thulaavarsham-1976",355435,"N Sankaran Nair","","",No,No,Yes
2026-01-12,"Dasavatharam",1976,"dasavatharam-1976",1045136,"K. S. Gopalakrishnan","","",No,No,Yes
2026-01-12,"Pokkiri Raja",1982,"pokkiri-raja-1982",331553,"S. P. Muthuraman","Sridevi","Sridevi",No,No,Yes
2026-01-12,"Johnny",1980,"johnny-1980",331546,"J. Mahendran","Rajinikanth","Sridevi",No,No,Yes
2026-01-12,"Bhagwaan Dada",1986,"bhagwaan-dada-1986",272176,"J. Om Prakash","Rajinikanth","Sridevi",No,No,Yes
2026-01-12,"Gair Kanooni",1989,"gair-kanooni-1989",331295,"Prayag Raj","","",No,No,Yes
2026-01-12,"Farishtay",1991,"farishtay-1991",331311,"Anil Sharma","Dharmendra","Sridevi",Yes,No,Yes
2026-01-12,"Sarfarosh",1985,"sarfarosh-1985",994287,"Dasari Narayana Rao","","",No,No,Yes
2026-01-12,"Himmat Aur Mehanat",1987,"himmat-aur-mehanat-1987",819765,"K. Bapayya","Sridevi","Sridevi",No,No,Yes
2026-01-12,"Kandhan Karunai",1967,"kandhan-karunai-1967",261702,"A. P. Nagarajan","","",No,No,Yes
2026-01-12,"Ghar Sansar",1986,"ghar-sansar-1986",280240,"K. Bapayya","Jeetendra","Sridevi",No,No,Yes
2026-01-12,"Aakhree Raasta",1986,"aakhree-raasta-1986",267504,"K. Bhagyaraj","Sridevi","Jaya Prada",No,No,Yes
2026-01-12,"Nam Nadu",1969,"nam-nadu-1969",263671,"C. P. Jambulingam","M. G. Ramachandran","Sridevi",No,No,Yes
2026-01-12,"Sandhippu",1983,"sandhippu-1983",261325,"C. V. Rajendran","","",No,No,Yes
2026-01-12,"Vishwaroobam",1980,"vishwaroobam-1980",261213,"A. C. Tirulokchandar","","",No,No,Yes
2026-01-12,"Vasantha Maligai",1972,"vasantha-maligai-1972",261842,"K. S. Prakash Rao","","",No,No,Yes
2026-01-12,"Pilot Premnath",1978,"pilot-premnath-1978",261636,"A. C. Tirulokchandar","","",No,No,Yes
2026-01-12,"Pattaakathi Bairavan",1979,"pattaakathi-bairavan-1979",261628,"V. B. Rajendra Prasad","Sivaji Ganesan","Sridevi",Yes,Yes,Yes
2026-01-12,"Kavari Maan",1979,"kavari-maan-1979",261627,"S. P. Muthuraman","Sivaji Ganesan","Sridevi",Yes,Yes,Yes
2026-01-12,"Himmatwala",1983,"himmatwala-1983",231785,"K Raghavendra Rao","Jeetendra","Sridevi",No,No,Yes
2026-01-12,"Laadla",1994,"laadla-1994",197483,"Raj Kanwar","Anil Kapoor","Sridevi",Yes,Yes,Yes
2026-01-12,"Inquilaab",1984,"inquilaab-1984",187787,"Rama Rao Tatineni","","",No,No,Yes
2026-01-12,"Deiva Thirumanangal",1981,"deiva-thirumanangal-1981",509867,"P. Neelakantan","R. S. Manohar","Srividya",Yes,Yes,Yes
2026-01-12,"Chaalbaaz",1989,"chaalbaaz-1989",168430,"Pankaj Parashar","Sunny Deol","Sridevi",No,No,Yes
2026-01-12,"Adi Parasakthi",1971,"adi-parasakthi-1971",757014,"K. S. Gopalakrishnan","","",No,No,Yes
2026-01-12,"Chaand Kaa Tukdaa",1994,"chaand-kaa-tukdaa-1994",161415,"Saawan Kumar Tak","Salman Khan","Sridevi",Yes,Yes,Yes
2026-01-12,"Chandra Mukhi",1993,"chandra-mukhi-1993",161406,"Debaloy Dey","Salman Khan","Sridevi",No,No,Yes
2026-01-12,"Army",1996,"army-1996",160261,"Raam Shetty","Shah Rukh Khan","Sridevi",Yes,Yes,Yes
2026-01-12,"Kanimuthu Paappa",1972,"kanimuthu-paappa-1972",964309,"S. P. Muthuraman","","",No,No,Yes
2026-01-12,"Sange Muzhangu",1972,"sange-muzhangu-1972",263658,"P. Neelakantan","","",No,No,Yes
2026-01-12,"Kathiki Kankanam",1971,"kathiki-kankanam-1971",964105,"K. S. R. Das","","",No,No,Yes
2026-01-12,"Aana Valarthiya Vanampadiyude Makan",1971,"aana-valarthiya-vanampadiyude-makan-1971",963869,"P Subramaniam","","",No,No,Yes
2026-01-12,"Sabadham",1971,"sabadham-1971",963864,"P. Madhavan","","",No,No,Yes
2026-01-12,"Nagina",1986,"nagina-1986",143889,"Harmesh Malhotra","Sridevi","Sridevi",No,No,Yes
2026-01-12,"Nigahen: Nagina Part II",1989,"nigahen-nagina-part-ii-1989",143895,"Harmesh Malhotra","Sunny Deol","Sridevi",Yes,Yes,Yes
2026-01-12,"Agni Pareeksha",1970,"agni-pareeksha-1970",950158,"K. Varaprasadarao","Gummadi","Sridevi",No,No,Yes
2026-01-12,"Sabarimala Shri Dharmasastha",1970,"sabarimala-shri-dharmasastha-1970",301144,"M. Krishnan Nair","","",No,No,Yes
2026-01-12,"Swapnangal",1970,"swapnangal-1970",950087,"P Subramaniam","","",No,No,Yes
2026-01-12,"En Annan",1970,"en-annan-1970",249825,"P. Neelakantan","","",No,No,Yes
2026-01-12,"Penn Daivam",1970,"penn-daivam-1970",949810,"M. A. Thirumugam","","",No,No,Yes
2026-01-12,"Kulavilakku",1969,"kulavilakku-1969",262388,"K. S. Gopalakrishnan","","",No,No,Yes
2026-01-12,"Kumara Sambhavam",1969,"kumara-sambhavam-1969",949560,"P Subramaniam","Gemini Ganesan","Sridevi",No,No,Yes
2026-01-12,"Judaai",1997,"judaai-1997",108368,"Raj Kanwar","Anil Kapoor","Sridevi",Yes,Yes,Yes
2026-01-12,"Thunaivan",1969,"thunaivan-1969",270123,"M. A. Thirumugam","","",No,No,Yes
2026-01-12,"Daiviyin Thiruvilaiyadal",1982,"daiviyin-thiruvilaiyadal-1982",949471,"K. S. Gopalakrishnan","Nagesh","Sridevi",Yes,No,Yes
2026-01-12,"Ram-Avtar",1988,"ram-avtar-1988",125223,"Sunil Hingorani","Anil Kapoor","Sridevi",No,No,Yes
2026-01-12,"Waqt Ki Awaz",1988,"waqt-ki-awaz-1988",103820,"K. Bapayya","Mithun Chakraborty","Sridevi",Yes,Yes,Yes
2026-01-12,"Suhaagan",1986,"suhaagan-1986",400409,"K Raghavendra Rao","Jeetendra","Sridevi",No,No,Yes
2026-01-12,"Sigappu Rojakkal",1978,"sigappu-rojakkal-1978",66413,"Bharathiraja","Kamal Haasan","Sridevi",Yes,Yes,Yes
2026-01-12,"Manitharil Ithanai Nirangalah!",1978,"manitharil-ithanai-nirangalah-1978",66418,"R. C. Sakthi","Kamal Haasan","Sridevi",Yes,Yes,Yes
2026-01-12,"Varumayin Niram Sivappu",1980,"varumayin-niram-sivappu-1980",66406,"K. Balachander","Sridevi","Sridevi",No,No,Yes
2026-01-12,"Sigappukkal Mookkuthi",1979,"sigappukkal-mookkuthi-1979",66412,"Valampuri Somanathan","Sridevi","Sridevi",No,No,Yes
2026-01-12,"Sankarlal",1981,"sankarlal-1981",66401,"T. N. Balu","Kamal Haasan","Sridevi",Yes,Yes,Yes
2026-01-12,"Moondram Pirai",1982,"moondram-pirai-1982",66389,"Balu Mahendra","Kamal Haasan","Sridevi",No,No,Yes
2026-01-12,"Meendum Kokila",1981,"meendum-kokila-1981",66399,"Rangarajan G N","Kamal Haasan","Sridevi",Yes,Yes,Yes
2026-01-12,"Vazhvey Maayam",1982,"vazhvey-maayam-1982",66390,"R Krishnamurthy","Kamal Haasan","Sridevi",Yes,Yes,Yes
2026-01-12,"Moondru Mudichu",1976,"moondru-mudichu-1976",66335,"K. Balachander","Rajinikanth","Sridevi",Yes,Yes,Yes
2026-01-12,"16 Vayathinile",1977,"16-vayathinile-1977",66332,"Bharathiraja","Kamal Haasan","Sridevi",No,No,Yes
2026-01-12,"Kavikkuyil",1977,"kavikkuyil-1977",66327,"Devaraj","Rajinikanth","Sridevi",Yes,Yes,Yes
2026-01-12,"Gaayathri",1977,"gaayathri-1977",66329,"R. Pattabhiraman","Rajinikanth","Sridevi",No,Yes,Yes
2026-01-12,"Priya",1978,"priya-1978",66326,"S. P. Muthuraman","Sridevi","Sridevi",No,No,Yes
2026-01-12,"Vanakkathukuriya Kathaliye",1978,"vanakkathukuriya-kathaliye-1978",66316,"A. C. Tirulokchandar","Sridevi","Sridevi",No,No,Yes
2026-01-12,"Aayiram Jenmangal",1978,"aayiram-jenmangal-1978",66315,"Durai","Rajinikanth","Sridevi",Yes,Yes,Yes
2026-01-12,"Thaayillamal Naanillai",1979,"thaayillamal-naanillai-1979",66308,"R. Thyagarajan","Kamal Haasan","Sridevi",Yes,Yes,Yes
2026-01-12,"Dharma Yuddam",1979,"dharma-yuddam-1979",66310,"R. C. Sakthi","Rajinikanth","Sridevi",No,No,Yes
2026-01-12,"Jawab Hum Denge",1987,"jawab-hum-denge-1987",819772,"Vijay Reddy","Jackie Shroff","Sridevi",No,No,Yes
2026-01-12,"Adutha Varisu",1983,"adutha-varisu-1983",66282,"S. P. Muthuraman","Rajinikanth","Sridevi",Yes,Yes,Yes
2026-01-12,"Naan Adimai Illai",1986,"naan-adimai-illai-1986",66267,"Dwarakish","Rajinikanth","Sridevi",Yes,Yes,Yes
2026-01-12,"Rajapart Rangadurai",1973,"rajapart-rangadurai-1973",261670,"P. Madhavan","","",No,No,Yes
2026-01-12,"Lamhe",1991,"lamhe-1991",64879,"Yash Chopra","Anil Kapoor","Sridevi",No,Yes,Yes
2026-01-12,"Fire and Flames",1986,"fire-and-flames-1986",495787,"K. Bapayya","Jeetendra","Sridevi",No,No,Yes
2026-01-12,"Chandni",1989,"chandni-1989",32680,"Yash Chopra","Rishi Kapoor","Sridevi",No,No,Yes
2026-01-12,"Pagalil Oru Iravu",1979,"pagalil-oru-iravu-1979",1085259,"I V Sasi","Vijaykumar","Sridevi",No,No,Yes
2026-01-12,"Agathiyar",1972,"agathiyar-1972",262414,"A. P. Nagarajan","","",No,No,Yes
2026-01-12,"Main Tera Dushman",1989,"main-tera-dushman-1989",819813,"Vijay Reddy","Jackie Shroff","Sridevi",No,No,Yes
2026-01-12,"Ala Vaikunthapurramloo",2020,"ala-vaikunthapurramloo-2020",628241,"Trivikram Srinivas","Allu Arjun","Pooja Hegde",Yes,Yes,Yes
2026-01-12,"O Baby! Yentha Sakkagunnave",2019,"o-baby-yentha-sakkagunnave-2019",624389,"Kevin Dayrit","","Anna Luna",Yes,Yes,No
2026-01-12,"Dagudumoota Dandakore",2015,"dagudumoota-dandakore-2015",,"","","",Yes,No,No
2026-01-12,"Bhale Mogudu Bhale Pellam",2011,"bhale-mogudu-bhale-pellam-2011",,"","","",No,No,No
2026-01-12,"Iddaru Attala Muddula Alludu",2006,"iddaru-attala-muddula-alludu-2006",,"","","",No,No,No
2026-01-12,"Apparao Driving School",2004,"apparao-driving-school-2004",,"","","",No,No,No
2026-01-12,"Andaru Dongale Dorikithe",2004,"andaru-dongale-dorikithe-2004",1212033,"Nidhi Prasad","Rajendra Prasad","Kiran Rathod",Yes,Yes,No
2026-01-12,"Jai Bajarangbali",1997,"jai-bajarangbali-1997",,"","","",No,No,No
2026-01-12,"Family",1996,"family-1996",609323,"Toshiki Sato","","",Yes,No,Yes
2026-01-12,"Topi Raja Sweety Roja",1996,"topi-raja-sweety-roja-1996",,"","","",No,No,No
2026-01-12,"Brundavanam",1993,"brundavanam-1993",,"","","",No,No,No
2026-01-12,"April 1st Vidudhala",1991,"april-1st-vidudhala-1991",40906,"Vamsy","","",No,No,Yes
2026-01-12,"Preminchi Choodu",1989,"preminchi-choodu-1989",,"","","",No,No,No
2026-01-12,"Poola Rangadu",1989,"poola-rangadu-1989",,"","","",No,No,No
2026-01-12,"Gandhinagar Rendava Veedhi",1987,"gandhinagar-rendava-veedhi-1987",,"","","",No,No,No
2026-01-12,"Dabbevariki Chedu",1987,"dabbevariki-chedu-1987",,"","","",No,No,No
2026-01-12,"Kaboye Alludu",1987,"kaboye-alludu-1987",,"","","",No,No,No
2026-01-12,"Padaharella Ammayi",1986,"padaharella-ammayi-1986",,"","","",No,No,No
2026-01-12,"Kashmora",1986,"kashmora-1986",,"","","",No,No,No
2026-01-12,"Inimai Idho Idho",1980,"inimai-idho-idho-1980",,"","","",No,No,No
2026-01-12,"Annabelle Sethupathi",2021,"annabelle-sethupathi-2021",864403,"Deepak Sundarrajan","","",Yes,Yes,Yes
2026-01-12,"Vaddu Bava Tappu",1995,"vaddu-bava-tappu-1995",676787,"","Rajendra Prasad","Ravali",No,No,Yes
2026-01-12,"Appu Chesi Pappu Koodu",2008,"appu-chesi-pappu-koodu-2008",528917,"Narasimha Rao Relangi","Rajendra Prasad","Madhumita Krishna",Yes,Yes,Yes
2026-01-12,"Rangula Ratnam",2018,"rangula-ratnam-2018",499373,"Shree Ranjani","","",Yes,Yes,Yes
2026-01-12,"Pekata Paparao",1993,"pekata-paparao-1993",442354,"Y Nageswara Rao","Rajendra Prasad","Khushboo",No,Yes,Yes
2026-01-12,"Kee",2019,"kee-2019",412177,"Kalees","","",Yes,Yes,Yes
2026-01-12,"Naku Pellam Kavali",1987,"naku-pellam-kavali-1987",1312522,"Vijaya Bapineedu","Rajendra Prasad","",No,No,Yes
2026-01-12,"Gurukshetram",2006,"gurukshetram-2006",304052,"Jayabharathi","Rajendra Prasad","Roja Selvamani",No,No,Yes
2026-01-12,"Brahmalokam to Yamalokam via Bhulokam",2010,"brahmalokam-to-yamalokam-via-bhulokam-2010",117021,"Gollapati Nageswara Rao","Rajendra Prasad","Sonia Bose Venkat",No,Yes,Yes
2026-01-12,"Mahasadhvi Mallamma",2005,"mahasadhvi-mallamma-2005",488566,"Renuka Sharma","Rajendra Prasad","Meena",Yes,Yes,Yes
2026-01-12,"Quick Gun Murugan",2009,"quick-gun-murugan-2009",21823,"Shashanka Ghosh","Rajendra Prasad","Rambha",Yes,Yes,Yes
2026-01-12,"College Kumar",2020,"college-kumar-2020",680988,"Hari Santosh","","",Yes,Yes,Yes
2026-01-12,"Sardar Gabbar Singh",2016,"sardar-gabbar-singh-2016",371811,"Bobby Kolli","Pawan Kalyan","Kajal Aggarwal",Yes,Yes,Yes
2026-01-12,"Prince of Peace",2012,"prince-of-peace-2012",128,"Hayao Miyazaki","Yoji Matsuda","Yuriko Ishida",Yes,Yes,No
2026-01-12,"Cameraman Gangatho Rambabu",2012,"cameraman-gangatho-rambabu-2012",138667,"Puri Jagannadh","Pawan Kalyan","Tamannaah Bhatia",Yes,Yes,Yes
2026-01-12,"Balu ABCDEFG",2005,"balu-abcdefg-2005",115268,"A. Karunakaran","Pawan Kalyan","Shriya Saran",Yes,Yes,No
2026-01-12,"1st IIFA Utsavam",2015,"1st-iifa-utsavam-2015",1177889,"James Huang","Jeff Bowser","Elaine Kao",Yes,Yes,Yes
2026-01-12,"Amoli",2018,"amoli-2018",522988,"Jasmine Kaur Roy","","",Yes,Yes,Yes
2026-01-12,"Praana",2019,"praana-2019",563609,"V. K. Prakash","Nani","Nithya Menen",Yes,Yes,Yes
2026-01-12,"Krishnarjuna Yudham",2018,"krishnarjuna-yudham-2018",500565,"Merlapaka Gandhi","Nani","Anupama Parameswaran",Yes,Yes,Yes
2026-01-12,"M.C.A",2017,"m-c-a-2017",485869,"Venu Sriram","Nani","Bhumika Chawla",Yes,Yes,Yes
2026-01-12,"Veppam",2011,"veppam-2011",83829,"Anjana Ali Khan","Nani","Nithya Menen",Yes,Yes,Yes
2026-01-12,"Nimirndhu Nil",2014,"nimirndhu-nil-2014",259282,"Samuthirakani","","",Yes,Yes,Yes
2026-01-12,"Dhamarukam",2012,"dhamarukam-2012",145335,"Srinivas Reddy","Nagarjuna Akkineni","Anushka Shetty",Yes,Yes,Yes
2026-01-12,"Payanam",2011,"payanam-2011",1285853,"Radha Mohan","","",Yes,No,Yes
2026-01-12,"Vikram",2005,"vikram-2005",,"","","",No,No,No
2026-01-12,"Shivamani",2003,"shivamani-2003",260016,"Puri Jagannadh","Nagarjuna Akkineni","Asin Thottumkal",Yes,Yes,Yes
2026-01-12,"Ninne Pelladata",1996,"ninne-pelladata-1996",137455,"Pasupuleti Krishna Vamsi","","",Yes,No,Yes
2026-01-12,"Govinda Govinda",1994,"govinda-govinda-1994",,"","","",Yes,No,No
2026-01-12,"Govinda Govinda",1993,"govinda-govinda-1993",462350,"Ram Gopal Varma","","",No,No,Yes
2026-01-12,"Chaithanya",1991,"chaithanya-1991",,"","","",No,No,No
2026-01-12,"Vicky Daada",1989,"vicky-daada-1989",,"","","",No,No,No
2026-01-12,"Geetanjali",1989,"geetanjali-1989",148808,"Mani Ratnam","","",No,No,Yes
2026-01-12,"Sankeerthana",1987,"sankeerthana-1987",,"","","",No,No,No
2026-01-12,"Kirai Dada",1987,"kirai-dada-1987",,"","","",No,No,No
2026-01-12,"Captain Nagarjuna",1986,"captain-nagarjuna-1986",307953,"V. B. Rajendra Prasad","Akkineni Nagarjuna","",No,No,Yes
2026-01-12,"Exploring ''Shiva'' Movie After 25 Years",2014,"exploring-shiva-movie-after-25-years-2014",1328515,"","Ram Gopal Varma","Amala Akkineni",Yes,No,Yes
2026-01-12,"Ratchagan",1997,"ratchagan-1997",179848,"Praveen Gandhi","Akkineni Nagarjuna","Sushmita Sen",Yes,Yes,Yes
2026-01-12,"Zakhm",1998,"zakhm-1998",155308,"Mahesh Bhatt","","",Yes,Yes,Yes
2026-01-12,"LOC: Kargil",2003,"loc-kargil-2003",71920,"J. P. Dutta","","",Yes,Yes,Yes
2026-01-12,"Gunda Mawali",1998,"gunda-mawali-1998",115074,"Suresh Krissna","Akkineni Nagarjuna","Simran",No,Yes,Yes
2026-01-12,"Mr. Bechara",1996,"mr-bechara-1996",142136,"K. Bhagyaraj","","",Yes,No,Yes
2026-01-12,"Khuda Gawah",1992,"khuda-gawah-1992",51725,"Mukul Anand","Amitabh Bachchan","",No,Yes,Yes
2026-01-12,"Angaaray",1998,"angaaray-1998",626708,"Mahesh Bhatt","","",Yes,Yes,Yes
2026-01-11,"Gunda Gardi",1997,"gunda-gardi-1997",,"","","",No,No,No
2026-01-11,"Nizhal Thedum Nenjangal",1982,"nizhal-thedum-nenjangal-1982",,"","","",No,No,No
2026-01-11,"Simha Gharjane",1983,"simha-gharjane-1983",1506175,"S. A. Chandrasekhar","Vijayashanti","Vijayashanti",No,No,Yes
2026-01-11,"Deshoddharakudu",1986,"deshoddharakudu-1986",81056,"S.S Ravi Chandra","Vijayashanti","Vijayashanti",No,No,Yes
2026-01-11,"Kallukondoru Pennu",1998,"kallukondoru-pennu-1998",784415,"Shyamaprasad","Vijayashanti","Vijayashanti",Yes,Yes,Yes
2026-01-11,"Eeshwar",1989,"eeshwar-1989",363022,"K. Viswanath","Vijayashanti","Vijayashanti",No,No,Yes
2026-01-11,"Thadayam",1997,"thadayam-1997",503340,"Ramesh Balakrishnan","Vijayashanti","Indraja",No,Yes,Yes
2026-01-11,"Yuvathurki",1996,"yuvathurki-1996",359554,"Bhadran","Vijayashanti","Vijayashanti",No,Yes,Yes
2026-01-11,"IPS Jhansi",2004,"ips-jhansi-2004",1200156,"H. Vasu","Vijayashanti","Vijayashanti",Yes,Yes,Yes
2026-01-11,"Samsaram O Sangeetham",1986,"samsaram-o-sangeetham-1986",995309,"Narasimha Rao Relangi","Vijayashanti","Vijayashanti",No,No,Yes
2026-01-11,"Mondi Mogudu Penki Pellam",1991,"mondi-mogudu-penki-pellam-1991",137360,"Siva Nageshwara Rao","Vijayashanti","Vijayashanti",No,No,Yes
2026-01-11,"Ilanjodigal",1982,"ilanjodigal-1982",78774,"Rama Narayanan","","",No,No,Yes
2026-01-11,"Rajasthan",1999,"rajasthan-1999",78606,"R K Selvamani","Vijayashanti","Vijayashanti",Yes,Yes,Yes
2026-01-11,"Sravana Sandhya",1986,"sravana-sandhya-1986",1118286,"A. Kodandarami Reddy","Vijayashanti","Suhasini Maniratnam",No,No,Yes
2026-01-11,"Netrikan",1981,"netrikan-1981",66295,"S. P. Muthuraman","","",No,No,Yes
2026-01-11,"Mannan",1992,"mannan-1992",66241,"P. Vasu","Rajinikanth","Vijayashanti",Yes,Yes,Yes
2026-01-11,"Sri Bannari Amman",2002,"sri-bannari-amman-2002",919660,"Bharathi Kannan","Vijayashanti","Khushboo",Yes,Yes,Yes
2026-01-11,"Apradhi",1992,"apradhi-1992",619078,"K. Ravi Shankar","","",No,Yes,Yes
2026-01-11,"Kallukul Eeram",1980,"kallukul-eeram-1980",851188,"P. S. Nivas","","",No,No,Yes
2026-01-11,"Pattabhishekham",1985,"pattabhishekham-1985",1093415,"K Raghavendra Rao","Vijayashanti","Vijayashanti",No,No,Yes
2026-01-11,"Nenjile Thunivirunthal",1981,"nenjile-thunivirunthal-1981",882110,"S. A. Chandrasekhar","","",No,No,Yes
2026-01-11,"Yugapurushudu",1978,"yugapurushudu-1978",651576,"K. Bapayya","N.T. Rama Rao","",No,No,Yes
2026-01-11,"Aaradhana",1976,"aaradhana-1976",361739,"B. V. Prasad","N.T. Rama Rao","",No,No,Yes
2026-01-11,"Sampoorna Ramayanam",1958,"sampoorna-ramayanam-1958",467510,"K. Somu","N.T. Rama Rao","",No,No,Yes
2026-01-11,"Bhagyarekha",1957,"bhagyarekha-1957",307748,"B.N. Reddi","N.T. Rama Rao","",No,No,Yes
2026-01-11,"Lawyer Vishwanath",1978,"lawyer-vishwanath-1978",1269786,"S D Lal","N.T. Rama Rao","",No,No,Yes
2026-01-11,"Kannan Karunai",1971,"kannan-karunai-1971",1265559,"N.T. Rama Rao","N.T. Rama Rao","",No,No,Yes
2026-01-11,"Seetha Rama Kalyanam",1961,"seetha-rama-kalyanam-1961",1262244,"N.T. Rama Rao","N.T. Rama Rao","",No,No,Yes
2026-01-11,"Tiger",1979,"tiger-1979",331537,"Nandamuri Ramesh","N.T. Rama Rao","",No,No,Yes
2026-01-11,"Charana Daasi",1956,"charana-daasi-1956",995664,"Tatineni Prakash Rao","N.T. Rama Rao","",No,No,Yes
2026-01-11,"Kalyanam Panni Paar",1952,"kalyanam-panni-paar-1952",262420,"L. V. Prasad","","",No,No,Yes
2026-01-11,"Karnan",1964,"karnan-1964",102129,"B. Ramakrishnaiah Panthulu","N.T. Rama Rao","",No,No,Yes
2026-01-11,"Samrat Ashoka",1992,"samrat-ashoka-1992",931326,"N.T. Rama Rao","N.T. Rama Rao","Vani Viswanath",No,Yes,Yes
2026-01-11,"Sudigadu",2012,"sudigadu-2012",155738,"Bhimaneni Srinivasa Rao","Allari Naresh","Kovai Sarala",Yes,Yes,Yes
2026-01-11,"Marana Porali",2011,"marana-porali-2011",,"","","",No,No,No
2026-01-11,"Shubhapradam",2010,"shubhapradam-2010",,"","","",No,No,No
2026-01-11,"Betting Bangaraju",2010,"betting-bangaraju-2010",,"","","",No,No,No
2026-01-11,"Siddu from Sikakulam",2008,"siddu-from-sikakulam-2008",82570,"Eashwar","Allari Naresh","Manjari Fadnnis",Yes,Yes,Yes
2026-01-11,"Gopi – Goda Meedha Pilli",2006,"gopi-goda-meedha-pilli-2006",,"","","",No,No,No
2026-01-11,"Sundara Kanda",2008,"sundara-kanda-2008",,"","Allari Naresh","Meena",No,No,Yes
2026-01-11,"Poraali",2011,"poraali-2011",79333,"Samuthirakani","Allari Naresh","Swathi Reddy",Yes,Yes,Yes
2026-01-11,"Pelli Kani Prasad",2003,"pelli-kani-prasad-2003",1142514,"","Sivaji Sontineni","Sridevi Vijayakumar",Yes,No,Yes
2026-01-11,"Kathi Kanta Rao",2010,"kathi-kanta-rao-2010",77802,"E.V.V. Satyanarayana","Allari Naresh","Kamna Jethmalani",Yes,Yes,Yes
2026-01-11,"Madatha Kaaja",2011,"madatha-kaaja-2011",85952,"Seetaramaraju Dantuluri","Allari Naresh","Sneha Ullal",No,Yes,Yes
2026-01-11,"Subhapradam",2010,"subhapradam-2010",82785,"K. Viswanath","Allari Naresh","Manjari Fadnnis",Yes,Yes,Yes
2026-01-11,"Kurumbu",2003,"kurumbu-2003",63819,"Vishnu Varadhan","Allari Naresh","Nikita Thukral",Yes,Yes,Yes
2026-01-11,"Chalakkudykkaran Changathy",2018,"chalakkudykkaran-changathy-2018",551240,"Vinayan","Senthil Krishna Rajamani","Honey Rose",Yes,Yes,Yes
2026-01-11,"Rasaleela",2012,"rasaleela-2012",143510,"Majeed Maranchery","","",Yes,No,Yes
2026-01-11,"Kalabha Mazha",2011,"kalabha-mazha-2011",,"","","",No,No,No
2026-01-11,"Independence",1999,"independence-1999",278172,"Vinayan","","",Yes,No,Yes
2026-01-11,"Raktha Tharpanam",1992,"raktha-tharpanam-1992",1612079,"Krishna","Krishna","",No,No,Yes
2026-01-11,"Nagastharam",1990,"nagastharam-1990",1612068,"Krishna","Krishna","",No,No,Yes
2026-01-11,"Krishnarajunulu",1982,"krishnarajunulu-1982",1605246,"Dasari Narayana Rao","Krishna","",No,No,Yes
2026-01-11,"Khaidi Rudrayya",1986,"khaidi-rudrayya-1986",851649,"A. Kodandarami Reddy","Krishna","",No,No,Yes
2026-01-11,"Rajakiya Chadurangam",1988,"rajakiya-chadurangam-1988",685650,"","Krishna","",No,No,Yes
2026-01-11,"Maa Voori Magaadu",1987,"maa-voori-magaadu-1987",1265891,"K. Bapayya","Krishna","",No,No,Yes
2026-01-11,"Chuttalunnaru Jagrattha",1980,"chuttalunnaru-jagrattha-1980",1174976,"B. V. Prasad","Krishna","",No,No,Yes
2026-01-11,"State Rowdy",2007,"state-rowdy-2007",,"","","",No,No,No
2026-01-11,"S. P. Parasuram",1994,"s-p-parasuram-1994",279118,"Ravi Raja Pinisetty","","",Yes,No,Yes
2026-01-11,"Aaj Ka Goonda Raj",1992,"aaj-ka-goonda-raj-1992",,"","","",No,No,No
2026-01-11,"Swayam Krushi",1987,"swayam-krushi-1987",,"","","",No,No,No
2026-01-11,"Kodama Simham",1986,"kodama-simham-1986",,"","","",No,No,No
2026-01-11,"Raktha Sindhuram",1985,"raktha-sindhuram-1985",279307,"A. Kodandarami Reddy","","",No,No,Yes
2026-01-11,"Paravathi Parameshwarulu",1981,"paravathi-parameshwarulu-1981",,"","","",No,No,No
2026-01-11,"Rakta Sambandham",1980,"rakta-sambandham-1980",,"","","",No,No,No
2026-01-11,"Agni Sanskaram",1980,"agni-sanskaram-1980",,"","","",No,No,No
2026-01-11,"Sri Rambantu",1979,"sri-rambantu-1979",,"","","",No,No,No
2026-01-11,"Best Actor",1987,"best-actor-1987",,"","Rajendra Prasad","Sonu Gowda",No,No,Yes
2026-01-11,"Hanuman",2005,"hanuman-2005",16111,"V.G. Samant","","",Yes,Yes,Yes
2026-01-11,"Palletoori Monagadu",1983,"palletoori-monagadu-1983",279342,"S. A. Chandrasekhar","Chiranjeevi","",No,No,Yes
2026-01-11,"Allulu Vasthunnaru",1984,"allulu-vasthunnaru-1984",279321,"K. Vasu","Chiranjeevi, Chandra Mohan","",No,No,Yes
2026-01-11,"Family - A Made at Home Short Film",2020,"family-a-made-at-home-short-film-2020",1129970,"Prasoon Pandey","Amitabh Bachchan","Priyanka Chopra Jonas",Yes,No,Yes
2026-01-11,"Mana Shankara Vara Prasad Garu",2026,"msvp-2026",1439713,"Anil Ravipudi","Chiranjeevi","Nayanthara",Yes,Yes,Yes
2026-01-11,"Vishwambhara",2026,"vishwambhara-2026",1211111,"Vassishta","Chiranjeevi","Trisha Krishnan",Yes,Yes,Yes
2026-01-11,"Ranga Maarthaanda",2023,"ranga-maarthaanda-2023",1064247,"Deva Katta","Prakash Raj","Ramya Krishna",Yes,Yes,Yes
2026-01-11,"Mappillai",1989,"mappillai-1989",331568,"Rajasekhar","Rajinikanth","",No,Yes,Yes
2026-01-11,"Ranuva Veeran",1981,"ranuva-veeran-1981",204994,"S.P. Muthuraman","Rajinikanth","Sridevi",No,Yes,Yes
2026-01-11,"Radha My Darling",1982,"radha-my-darling-1982",279347,"B. Bhaskara Rao","Chiranjeevi","",Yes,Yes,Yes
2026-01-11,"Jebu Donga",1987,"jebu-donga-1987",279290,"A. Kodandarami Reddy","Chiranjeevi","Bhanupriya, Radha",Yes,Yes,Yes
2026-01-11,"Adavi Donga",1985,"adavi-donga-1985",441006,"K. Raghavendra Rao","Chiranjeevi","Radha",Yes,Yes,Yes
2026-01-11,"Mondi Ghatam",1982,"mondi-ghatam-1982",279346,"Vamsy","Chiranjeevi","Suhasini Maniratnam",Yes,Yes,Yes
2026-01-11,"Yamakinkarudu",1982,"yamakinkarudu-1982",279345,"Raj Bharat","Chiranjeevi","Radhika",Yes,Yes,Yes
2026-01-11,"Sri Rama Bantu",1979,"sri-rama-bantu-1979",1301213,"I.S. Murthy","Chiranjeevi","Geetha",Yes,Yes,Yes
2026-01-11,"Oorukichina Maata",1981,"oorukichina-maata-1981",320390,"M. Balaiah","Chiranjeevi","Madhavi",Yes,Yes,Yes
2026-01-11,"Aadavaallu Meeku Joharlu",1981,"aadavaallu-meeku-joharlu-1981",,"K. Balachander","Krishnam Raju","Jayasudha",No,Yes,Yes
2026-01-11,"47 Rojulu",1981,"47-rojulu-1981",,"K. Balachander","Jayaprada","Jayaprada",No,Yes,Yes
2026-01-11,"Intlo Ramayya Veedhilo Krishnayya",1982,"intlo-ramayya-veedhilo-krishnayya-1982",114983,"Kodi Ramakrishna","Chiranjeevi","Madhavi",Yes,Yes,Yes
2026-01-11,"Chanakya Sapatham",1986,"chanakya-sapatham-1986",279121,"K. Raghavendra Rao","Chiranjeevi","Vijayashanti",Yes,Yes,Yes
2026-01-11,"Rudranetra",1989,"rudranetra-1989",279126,"K. Raghavendra Rao","Chiranjeevi","Vijayashanti, Radha",Yes,Yes,Yes
2026-01-11,"State Rowdy",1989,"state-rowdy-1989",279127,"B. Gopal","Chiranjeevi","Bhanupriya, Radha",Yes,Yes,Yes
2026-01-11,"Kodama Simham",1990,"kodama-simham-1990",278182,"K. Murali Mohana Rao","Chiranjeevi","Sonam, Radha",Yes,Yes,Yes
2026-01-11,"Sipayi",1996,"sipayi-1996",410219,"V. Ravichandran","V. Ravichandran","Soundarya",Yes,Yes,Yes
2026-01-11,"Sangharshana",2011,"sangharshana-2011",87405,"Samuthirakani","Sasikumar","Swathi Reddy",Yes,Yes,Yes
2026-01-11,"Nuvvante Naakishtam",2005,"nuvvante-naakishtam-2005",428383,"E. V. V. Satyanarayana","Allari Naresh","Anuradha Mehta",No,Yes,Yes
2026-01-11,"Pellaindi Kaani",2007,"pellaindi-kaani-2007",315222,"E. V. V. Satyanarayana","Allari Naresh","Kamalinee Mukherjee",Yes,Yes,Yes
2026-01-11,"Fitting Master",2009,"fitting-master-2009",117004,"E. V. V. Satyanarayana","Allari Naresh","Madalsa Sharma",Yes,Yes,Yes
2026-01-11,"Rambabu Gadi Pellam",2010,"rambabu-gadi-pellam-2010",462947,"Kapuganti Rajendra","Allari Naresh","",Yes,Yes,Yes
2026-01-11,"Aaha Kalyanam",2014,"aaha-kalyanam-2014",251898,"A. Gokul Krishna","Nani","Vaani Kapoor",Yes,Yes,Yes
2026-01-11,"Maa Balaji",1999,"maa-balaji-1999",447656,"Kodi Ramakrishna","Vadde Naveen","Maheswari",Yes,Yes,Yes
2026-01-11,"Rajahamsa",1998,"rajahamsa-1998",,"Singeetam Srinivasa Rao","Abbas","Sakshi Shivanand",Yes,Yes,Yes
2026-01-11,"Athiradhudu",1991,"athiradhudu-1991",,"A. Chandra","Bhanu Chander","Nirosha",No,Yes,Yes
2026-01-11,"Donga Police",1992,"donga-police-1992",,"K.S. Prakash Rao","Mohan Babu","Mamta Kulkarni",Yes,Yes,Yes
2026-01-11,"Amma Durgamma",1996,"amma-durgamma-1996",,"Om Sai Prakash","Sasikumar","Ooha",No,Yes,Yes
2026-01-11,"Suprabhatam",1998,"suprabhatam-1998",,"Bhimaneni Srinivasa Rao","Srikanth","Raasi",Yes,Yes,Yes
2026-01-11,"Raktha Tilakam",1988,"raktha-tilakam-1988",1342682,"B. Gopal","Daggubati Venkatesh","Amala",No,Yes,Yes
2026-01-10,"Police Bharya",1990,"police-bharya-1990",1063004,"Relangi Narasimha Rao","Naresh","Malashri",No,Yes,Yes
2026-01-10,"Sarpayagam",1991,"sarpayagam-1991",278181,"Paruchuri Brothers","Sobhan Babu","Shobana",Yes,Yes,Yes
2026-01-10,"Iddaru Iddare",1990,"iddaru-iddare-1990",577357,"A. Kodandarami Reddy","Akkineni Nagarjuna","Ramya Krishnan",No,Yes,Yes
2026-01-10,"Shanti Kranti",1991,"shanti-kranti-1991",66253,"V. Ravichandran","Akkineni Nagarjuna","Juhi Chawla",Yes,Yes,Yes
2026-01-10,"Friends",2002,"friends-2002",1515332,"Suresh Krissna","Jagapathi Babu","Shilpa Shetty",Yes,Yes,Yes
2026-01-10,"Charminar",2003,"charminar-2003",,"G. Nageswara Reddy","Venkat","Abhirami",Yes,Yes,Yes
2026-01-10,"Evadaithe Nakenti",2007,"evadaithe-nakenti-2007",279520,"Samudra","Rajasekhar","Mumaith Khan",No,Yes,Yes
2026-01-10,"Alasyam Amrutham",2010,"alasyam-amrutham-2010",307736,"Chandra Mahesh","Nikhil Siddharth","Madalsa Sharma",Yes,No,Yes
2026-01-10,"Ghatothkachudu",1995,"ghatothkachudu-1995",436834,"S.V. Krishna Reddy","Ali Basha","Roja Selvamani",Yes,Yes,Yes
2026-01-10,"Sudigundalu",1968,"sudigundalu-1968",,"Adurthi Subba Rao","Akkineni Nageswara Rao","",No,Yes,Yes
2026-01-10,"Rakshakudu",1997,"rakshakudu-1997",,"Praveen Gandhi","Akkineni Nagarjuna","Sushmita Sen",Yes,Yes,Yes
2026-01-10,"Eduruleni Manishi",2001,"eduruleni-manishi-2001",308019,"Jonnalagadda Srinivasa Rao","Akkineni Nagarjuna","Soundarya",Yes,Yes,Yes
2026-01-09,"Gang War",1992,"gang-war-1992",,"Kodi Ramakrishna","Bhanuchander, Vinod Kumar","Shobana",No,Yes,Yes
2026-01-09,"Vanaveera",2026,"vanaveera-2026",,"Avinash Thiruveedhula","Avinash Thiruveedhula","Simran Choudhary",Yes,Yes,Yes
2026-01-09,"Madham",2026,"madham-2026",,"Vamsee Krishna Malla","Harsha Gangavarapu","Inaya Sultana",Yes,Yes,Yes
2026-01-09,"Psych Siddhartha",2026,"psych-siddhartha-2026",1594670,"Varun Reddy","Shree Nandu","Yamini Bhaskar",Yes,Yes,Yes
2026-01-09,"Parasakthi",2026,"parasakthi-2026",965483,"Sudha Kongara","Sivakarthikeyan","Atharvaa Murali",Yes,Yes,Yes
2026-01-09,"Dacoit",2026,"dacoit-2026",1220522,"Shaneil Deo","Adivi Sesh","Mrunal Thakur",Yes,Yes,Yes
2026-01-09,"Peddi",2026,"peddi-2026",1057265,"Buchi Babu Sana","Ram Charan","Janhvi Kapoor",Yes,Yes,Yes
2026-01-09,"Toxic: A Fairy Tale for Grown-Ups",2026,"toxic-yash-2026",1213243,"Geetu Mohandas","Yash","",Yes,Yes,Yes
2026-01-09,"Dragon",2026,"dragon-ntr-2026",645708,"Prashanth Neel","Jr. NTR","Rukmini Vasanth",Yes,Yes,Yes
2026-01-09,"Fauji",2026,"fauji-2026",1257973,"Hanu Raghavapudi","Prabhas","Iman Esmail",Yes,Yes,Yes
2026-01-09,"The Raja Saab",2026,"the-raja-saab-2026",1022453,"Maruthi","Prabhas","Nidhhi Agerwal",Yes,Yes,Yes
2026-01-09,"Cheekati Velugulu",1975,"cheekati-velugulu-1975",,"K. Vasu","Krishna","Vanisri",No,Yes,Yes
2026-01-09,"Zamindarugari Ammayi",1975,"zamindarugari-ammayi-1975",305878,"K. Vasu","Krishna","Sharada",Yes,Yes,Yes
2026-01-09,"Peddalu Marali",1974,"peddalu-marali-1974",307581,"P. Chandrasekhara Reddy","Krishna","Jamuna",No,Yes,Yes
2026-01-09,"Amma Manasu",1974,"amma-manasu-1974",,"K. Vasu","Krishna","Vanisri",No,Yes,Yes
2026-01-09,"Guduputani",1972,"guduputani-1972",,"P. Lakshmi Deepak","Krishna","Shubha",No,Yes,Yes
2026-01-09,"Kalam Marindi",1972,"kalam-marindi-1972",933270,"K. Vasu","Krishna","Vanisri",Yes,Yes,Yes
2026-01-09,"James Bond 777",1971,"james-bond-777-1971",433250,"K.S.R. Das","Krishna","Jyothi Lakshmi",Yes,Yes,Yes
2026-01-09,"Nenu Manishine",1971,"nenu-manishine-1971",963873,"Adurthi Subba Rao","Krishna","Vijaya Nirmala",Yes,Yes,Yes
2026-01-09,"Chelleli Kapuram",1971,"chelleli-kapuram-1971",304965,"K","Krishna","Vanisri",Yes,Yes,Yes
2026-01-08,"Akka Chellelu",1970,"akka-chellelu-1970",307716,"A. Sheshagiri Rao","Krishna","Vanisri",Yes,Yes,Yes
2026-01-08,"Amayakudu",1968,"amayakudu-1968",307321,"V. Ramachandra Rao","Krishna","Kanchana",Yes,Yes,Yes
2026-01-08,"Bhale Monagadu",1968,"bhale-monagadu-1968",304950,"Bollepalli","Krishna","Vanisri",Yes,Yes,Yes
2026-01-08,"Nenante Nene",1968,"nenante-nene-1968",302228,"V. Madhusudhan Rao","Krishna","Kanchana",Yes,Yes,Yes
2026-01-08,"Sakshi",1967,"sakshi-1967",1054764,"Bapu","Krishna","Vanisri",Yes,Yes,Yes
2026-01-08,"Private Master",1967,"private-master-1967",319789,"K. Pratyagatma","Krishna","Kanchana",Yes,Yes,Yes
2026-01-08,"Thene Manasulu",1965,"thene-manasulu-1965",1599369,"Adurthi Subba Rao","Krishna","Savitri",Yes,Yes,Yes
2026-01-08,"Murali Krishna",1964,"murali-krishna-1964",319771,"Adurthi Subba Rao","Krishna","Jamuna",Yes,Yes,Yes
2026-01-07,"Hungama",2005,"hungama-2005",531010,"S. V. Krishna Reddy","Venu Madhav","Jayalalita",Yes,Yes,Yes
2026-01-07,"A. K. 47",1999,"a-k-47-1999",,"E. V. V. Satyanarayana","Sai Kumar","Raasi",Yes,Yes,Yes
2026-01-07,"Bendu Apparao R.M.P",2009,"bendu-apparao-r-m-p-2009",110902,"E. V. V. Satyanarayana","Allari Naresh","Kamna Jethmalani",Yes,Yes,Yes
2026-01-07,"Shankar Dada M.B.B.S.",2004,"shankar-dada-m-b-b-s-2004",42171,"Jayanth C. Paranjee","Chiranjeevi","Sonali Bendre",Yes,Yes,Yes
2026-01-06,"Sneham",1977,"sneham-1977",,"Bapu","Saichand","Madhavi",Yes,Yes,Yes
2026-01-06,"Chaaya",1979,"chaaya-1979",,"Satyendra Kumar","Satyendra Kumar","Roopa Devi",No,Yes,Yes
2026-01-06,"Nijam",1980,"nijam-1980",,"Devadas Kanakala","Sridhar","Kavitha",Yes,Yes,Yes
2026-01-06,"Aadadi Gadapa Daatite",1980,"aadadi-gadapa-daatite-1980",,"Dasari Narayana Rao","Murali Mohan","Manjula Vijayakumar",No,Yes,Yes
2026-01-06,"Daari Tappina Manishi",1981,"daari-tappina-manishi-1981",,"B. Narasimha Rao","Narasimha Raju","Roopa",No,Yes,Yes
2026-01-06,"Ee Charitra Ae Sirato",1982,"ee-charitra-ae-sirato-1982",,"Vejalla Satyanarayana","Shiva Krishna","Rajya Lakshmi",No,Yes,Yes
2026-01-06,"Yama Doothalu",1984,"yama-doothalu-1984",,"P. Chandrasekhara Reddy","Rajendra Prasad","Jayasudha",No,Yes,Yes
2026-01-06,"Swati",1984,"swati-1984",,"Kranthi Kumar","Sarath Babu","Suhasini",Yes,Yes,Yes
2026-01-06,"Babayi-Abbayi",1985,"babayi-abbayi-1985",,"Jandhyala","Nandamuri Balakrishna","Anita Reddy",Yes,Yes,Yes
2026-01-06,"Vandemataram",1985,"vandemataram-1985",,"T. Krishna","Rajasekhar","Vijayashanti",Yes,Yes,Yes
2026-01-06,"Rendu Rella Aaru",1986,"rendu-rella-aaru-1986",707764,"Jandhyala","Rajendra Prasad","Preeti",Yes,Yes,Yes
2026-01-06,"Damit Katha Adam Thirigindi",1987,"damit-katha-adam-thirigindi-1987",,"K. Vasu","Rajendra Prasad","Sita",Yes,Yes,Yes
2026-01-06,"Gundamma Gari Krishnulu",1987,"gundamma-gari-krishnulu-1987",,"Relangi Narasimha Rao","Rajendra Prasad","Rajani",Yes,Yes,Yes
2026-01-06,"Aanimuthyam",1988,"aanimuthyam-1988",,"Bandela Eshwar Rao","Rajendra Prasad","Radhika",Yes,Yes,Yes
2026-01-06,"Zoo Laka Taka",1989,"zoo-laka-taka-1989",,"Vijaya Bapineedu","Rajendra Prasad","Tulasi",Yes,Yes,Yes
2026-01-06,"Chalaki Mogudu Chavali Pellam",1989,"chalaki-mogudu-chavali-pellam-1989",,"Relangi Narasimha Rao","Rajendra Prasad","Rajani",Yes,Yes,Yes
2026-01-06,"Ramba Rambabu",1990,"ramba-rambabu-1990",,"Relangi Narasimha Rao","Rajendra Prasad","Parijata",Yes,Yes,Yes
2026-01-06,"Mama Alludu",1990,"mama-alludu-1990",931350,"Relangi Narasimha Rao","Rajendra Prasad","Vani Viswanath",Yes,Yes,Yes
2026-01-06,"April 1 Vidudala",1991,"april-1-vidudala-1991",40906,"Vamsy","Rajendra Prasad","Shobana",Yes,Yes,Yes
2026-01-06,"Pekata Papa Rao",1993,"pekata-papa-rao-1993",442354,"Y. Nageswara Rao","Rajendra Prasad","Kushboo",Yes,Yes,Yes
2026-01-06,"Akka Pethanam",1993,"akka-pethanam-1993",,"Dasari Narayana Rao","Rajendra Prasad","Roja",Yes,Yes,Yes
2026-01-06,"Bramhachari Mogudu",1994,"bramhachari-mogudu-1994",,"Relangi Narasimha Rao","Rajendra Prasad","Yamuna",Yes,Yes,Yes
2026-01-06,"Ketu Duplicatu",1995,"ketu-duplicatu-1995",,"Relangi Narasimha Rao","Rajendra Prasad","Surabhi",Yes,Yes,Yes
2026-01-06,"Vaddu Bava Thappu",1995,"vaddu-bava-thappu-1995",,"K. Ajay Kumar","Rajendra Prasad","Ravali",Yes,Yes,Yes
2026-01-06,"Kshemamga Velli Labhamga Randi",2000,"kshemamga-velli-labhamga-randi-2000",267350,"Raja Vannem Reddy","Rajendra Prasad","Roja",Yes,Yes,Yes
2026-01-06,"Antha Mana Manchike",2000,"antha-mana-manchike-2000",725645,"Veeru K.","Rajendra Prasad","Ramya Krishna",Yes,Yes,Yes
2026-01-06,"Sriramachandrulu",2003,"sriramachandrulu-2003",,"I. Sreekanth","Rajendra Prasad","Rambha",Yes,Yes,Yes
2026-01-06,"Pellam Pichodu",2005,"pellam-pichodu-2005",,"Jonnavithhula","Rajendra Prasad","Richa Pallod",Yes,Yes,Yes
2026-01-06,"Quick Gun Murugun",2009,"quick-gun-murugun-2009",21823,"Shashanka Ghosh","Rajendra Prasad","Rambha",Yes,Yes,Yes
2026-01-06,"Julai",2012,"julai-2012",125835,"Trivikram Srinivas","Allu Arjun","Ileana D'Cruz",Yes,Yes,Yes
2026-01-06,"Bench Life",2024,"bench-life-2024",,"Vaibhav","Vaibhav","Ritika Singh",Yes,Yes,Yes
2026-01-06,"Shashtipoorthi",2025,"shashtipoorthi-2025",1108193,"Pavan Prabha","Rajendra Prasad","Archana",Yes,Yes,Yes
2026-01-06,"Sahakutumbaanaam",2026,"sahakutumbaanaam-2026",,"Uday Sharma","Raam Kiran","Megha Akash",Yes,Yes,Yes
2026-01-06,"Man Of The Match",2026,"man-of-the-match-2026",,"P. A. Arun Prasad","Sagar","Mrudula Murali",Yes,Yes,Yes
2026-01-06,"Appula Appa Rao",1992,"appula-appa-rao-1992",,"E.V.V. Satyanarayana","Rajendra Prasad","Shobana",Yes,Yes,Yes
